Time	Open	High	Low	Close	Volume
2026-01-05 23:19:00	1.17186	1.17189	1.17184	1.17189	25	4
2026-01-05 23:20:00	1.17189	1.17194	1.17189	1.17193	19	4
2026-01-05 23:21:00	1.17192	1.17193	1.17191	1.17191	3	5
2026-01-05 23:22:00	1.17193	1.17193	1.17192	1.17192	2	5
2026-01-05 23:23:00	1.17194	1.17194	1.17189	1.1719	5	3
2026-01-05 23:24:00	1.17188	1.17189	1.17184	1.17184	9	4
2026-01-05 23:25:00	1.17182	1.17182	1.1718	1.17182	17	4
2026-01-05 23:26:00	1.17182	1.17184	1.17182	1.17182	5	4
2026-01-05 23:27:00	1.17181	1.17182	1.17181	1.17182	4	4
2026-01-05 23:28:00	1.17183	1.17183	1.17179	1.17179	4	4
2026-01-05 23:29:00	1.17178	1.17178	1.17176	1.17178	3	4
2026-01-05 23:30:00	1.17177	1.17178	1.17176	1.17177	5	5
2026-01-05 23:31:00	1.17178	1.17179	1.17175	1.17175	17	6
2026-01-05 23:32:00	1.17177	1.17179	1.17177	1.17177	16	5
2026-01-05 23:33:00	1.17175	1.17175	1.17173	1.17173	11	4
2026-01-05 23:34:00	1.17173	1.17173	1.17168	1.17168	22	6
2026-01-05 23:35:00	1.17169	1.17171	1.17168	1.17171	16	6
2026-01-05 23:36:00	1.17175	1.17178	1.17171	1.17174	17	4
2026-01-05 23:37:00	1.17176	1.17176	1.17175	1.17175	2	3
2026-01-05 23:38:00	1.17175	1.17176	1.17174	1.17174	3	4
2026-01-05 23:39:00	1.17174	1.17174	1.17171	1.17171	14	4
2026-01-05 23:40:00	1.17169	1.17169	1.17169	1.17169	2	5
2026-01-05 23:41:00	1.17169	1.1717	1.17169	1.17169	4	6
2026-01-05 23:43:00	1.17169	1.17169	1.17165	1.17165	9	5
2026-01-05 23:44:00	1.17162	1.17166	1.17161	1.17166	11	5
2026-01-05 23:45:00	1.17166	1.17166	1.17159	1.17159	12	4
2026-01-05 23:46:00	1.17161	1.17161	1.17157	1.17157	15	4
2026-01-05 23:47:00	1.17159	1.1716	1.17156	1.17156	8	4
2026-01-05 23:48:00	1.17156	1.17157	1.17156	1.17156	3	3
2026-01-05 23:49:00	1.17155	1.17155	1.17149	1.17149	8	4
2026-01-05 23:50:00	1.17149	1.1715	1.17147	1.17148	17	4
2026-01-05 23:51:00	1.17148	1.17148	1.17143	1.17145	12	4
2026-01-05 23:52:00	1.17145	1.17145	1.17141	1.17141	13	3
2026-01-05 23:53:00	1.17139	1.17141	1.17137	1.17139	26	3
2026-01-05 23:54:00	1.17139	1.17139	1.17128	1.17128	25	3
2026-01-05 23:55:00	1.17128	1.17134	1.17128	1.17134	14	4
2026-01-05 23:56:00	1.17134	1.17144	1.17133	1.1714	40	4
2026-01-05 23:57:00	1.17142	1.17148	1.1714	1.17144	14	3
2026-01-05 23:58:00	1.17143	1.17143	1.17139	1.17139	14	3
2026-01-05 23:59:00	1.1714	1.17144	1.1714	1.17144	7	3
2026-01-06 00:00:00	1.17144	1.17166	1.17144	1.17165	71	4
2026-01-06 00:01:00	1.17165	1.17165	1.1715	1.17153	22	3
2026-01-06 00:02:00	1.17155	1.17157	1.17148	1.17148	13	4
2026-01-06 00:03:00	1.17148	1.17148	1.17138	1.17139	12	4
2026-01-06 00:04:00	1.1714	1.17145	1.1714	1.17145	8	3
2026-01-06 00:05:00	1.17142	1.17142	1.1714	1.1714	9	4
2026-01-06 00:06:00	1.1714	1.17149	1.1714	1.17147	9	3
2026-01-06 00:07:00	1.17144	1.17146	1.17144	1.17144	3	4
2026-01-06 00:08:00	1.17143	1.17146	1.17141	1.17146	17	3
2026-01-06 00:09:00	1.17145	1.17148	1.17144	1.17144	8	3
2026-01-06 00:10:00	1.17145	1.17146	1.1714	1.17146	11	3
2026-01-06 00:11:00	1.17145	1.17152	1.17145	1.17151	9	3
2026-01-06 00:12:00	1.1715	1.1715	1.17143	1.17144	17	2
2026-01-06 00:13:00	1.17145	1.17151	1.17145	1.17151	4	3
2026-01-06 00:14:00	1.17152	1.17153	1.17148	1.17149	18	3
2026-01-06 00:15:00	1.17148	1.17164	1.17148	1.17164	48	5
2026-01-06 00:16:00	1.17164	1.17165	1.17156	1.1716	59	5
2026-01-06 00:17:00	1.17159	1.17159	1.17149	1.1715	29	5
2026-01-06 00:18:00	1.17149	1.17151	1.17147	1.17147	17	5
2026-01-06 00:19:00	1.17148	1.17149	1.17144	1.17145	49	5
2026-01-06 00:20:00	1.17143	1.17143	1.17139	1.17139	46	5
2026-01-06 00:21:00	1.17138	1.17143	1.17133	1.1714	31	4
2026-01-06 00:22:00	1.17142	1.17147	1.17142	1.17146	8	3
2026-01-06 00:23:00	1.17144	1.17146	1.17136	1.17136	16	3
2026-01-06 00:24:00	1.17135	1.17138	1.17131	1.17137	34	3
2026-01-06 00:25:00	1.17135	1.17135	1.17126	1.17131	18	3
2026-01-06 00:26:00	1.17131	1.17131	1.17123	1.17126	17	3
2026-01-06 00:27:00	1.17127	1.17133	1.17127	1.17133	7	3
2026-01-06 00:28:00	1.17134	1.17134	1.17126	1.17126	17	3
2026-01-06 00:29:00	1.17127	1.17127	1.17124	1.17125	5	3
2026-01-06 00:30:00	1.17124	1.17133	1.17123	1.17129	20	3
2026-01-06 00:31:00	1.17131	1.17137	1.1713	1.17137	20	4
2026-01-06 00:32:00	1.17135	1.17136	1.17129	1.17136	13	3
2026-01-06 00:33:00	1.17136	1.17136	1.17126	1.17129	10	3
2026-01-06 00:34:00	1.17127	1.17127	1.17119	1.17121	28	3
2026-01-06 00:35:00	1.1712	1.1712	1.17118	1.17118	23	5
2026-01-06 00:36:00	1.17118	1.17118	1.17109	1.17109	64	5
2026-01-06 00:37:00	1.17111	1.17117	1.17111	1.17112	25	4
2026-01-06 00:38:00	1.17111	1.17114	1.17109	1.1711	15	3
2026-01-06 00:39:00	1.17112	1.17112	1.17112	1.17112	3	3
2026-01-06 00:40:00	1.1711	1.17112	1.17107	1.1711	27	3
2026-01-06 00:41:00	1.17111	1.17113	1.1711	1.17111	13	3
2026-01-06 00:42:00	1.17111	1.17112	1.17106	1.17111	22	3
2026-01-06 00:43:00	1.17112	1.17116	1.17112	1.17116	14	4
2026-01-06 00:44:00	1.17119	1.17127	1.17119	1.17127	8	3
2026-01-06 00:45:00	1.17128	1.17135	1.17128	1.17134	12	3
2026-01-06 00:46:00	1.17136	1.17136	1.17128	1.17133	14	3
2026-01-06 00:47:00	1.17132	1.17132	1.17124	1.17129	20	4
2026-01-06 00:48:00	1.17133	1.17134	1.17129	1.1713	28	3
2026-01-06 00:49:00	1.17129	1.17132	1.17124	1.17131	26	3
2026-01-06 00:50:00	1.17128	1.17131	1.17126	1.17129	26	3
2026-01-06 00:51:00	1.1713	1.1713	1.17117	1.17118	40	3
2026-01-06 00:52:00	1.17117	1.17127	1.17115	1.17126	55	3
2026-01-06 00:53:00	1.17123	1.17132	1.17122	1.1713	49	3
2026-01-06 00:54:00	1.17131	1.17141	1.17126	1.17127	68	3
2026-01-06 00:55:00	1.17129	1.17149	1.17125	1.17149	66	3
2026-01-06 00:56:00	1.17147	1.17151	1.17144	1.17147	18	3
2026-01-06 00:57:00	1.17146	1.1715	1.1714	1.17148	22	3
2026-01-06 00:58:00	1.17148	1.17161	1.17147	1.17161	32	3
2026-01-06 00:59:00	1.17162	1.17168	1.17162	1.17166	12	3
2026-01-06 01:00:00	1.17166	1.17191	1.17166	1.17191	56	3
2026-01-06 01:01:00	1.17193	1.17203	1.17191	1.17198	39	3
2026-01-06 01:02:00	1.17196	1.17196	1.17178	1.17189	82	3
2026-01-06 01:03:00	1.17187	1.17193	1.17179	1.17179	70	3
2026-01-06 01:04:00	1.1718	1.17191	1.1718	1.17191	46	3
2026-01-06 01:05:00	1.17189	1.17199	1.17187	1.17195	22	3
2026-01-06 01:06:00	1.17194	1.17195	1.17171	1.17174	51	3
2026-01-06 01:07:00	1.17175	1.17178	1.17171	1.17172	39	3
2026-01-06 01:08:00	1.17173	1.17173	1.17161	1.17162	40	3
2026-01-06 01:09:00	1.17161	1.17161	1.17141	1.17141	39	3
2026-01-06 01:10:00	1.17138	1.1714	1.1713	1.17132	39	3
2026-01-06 01:11:00	1.17132	1.17134	1.17126	1.17131	59	3
2026-01-06 01:12:00	1.17132	1.17136	1.17127	1.17132	42	3
2026-01-06 01:13:00	1.17131	1.17137	1.17127	1.1713	30	3
2026-01-06 01:14:00	1.17132	1.17136	1.17126	1.17134	45	3
2026-01-06 01:15:00	1.17136	1.17136	1.1712	1.17127	63	4
2026-01-06 01:16:00	1.17129	1.17134	1.17125	1.17131	27	3
2026-01-06 01:17:00	1.17131	1.1714	1.1713	1.17135	26	3
2026-01-06 01:18:00	1.17137	1.17138	1.17129	1.17129	19	3
2026-01-06 01:19:00	1.17127	1.17133	1.17125	1.17131	29	4
2026-01-06 01:20:00	1.17131	1.17138	1.17126	1.17136	16	3
2026-01-06 01:21:00	1.17134	1.17134	1.17126	1.17131	33	3
2026-01-06 01:22:00	1.1713	1.17143	1.1713	1.17142	17	3
2026-01-06 01:23:00	1.17142	1.17155	1.17142	1.17152	22	3
2026-01-06 01:24:00	1.17149	1.17153	1.17147	1.17153	15	3
2026-01-06 01:25:00	1.17153	1.17155	1.17145	1.17152	37	3
2026-01-06 01:26:00	1.17151	1.17163	1.17151	1.17163	30	3
2026-01-06 01:27:00	1.17162	1.17164	1.17156	1.17156	16	3
2026-01-06 01:28:00	1.17154	1.17154	1.17147	1.17151	23	3
2026-01-06 01:29:00	1.17149	1.17153	1.17146	1.17152	45	4
2026-01-06 01:30:00	1.17152	1.17164	1.17145	1.17154	66	4
2026-01-06 01:31:00	1.17154	1.17157	1.17148	1.17149	122	5
2026-01-06 01:32:00	1.17151	1.17162	1.17151	1.17162	30	5
2026-01-06 01:33:00	1.17163	1.17163	1.17154	1.1716	43	5
2026-01-06 01:34:00	1.17159	1.17164	1.17152	1.17163	57	6
2026-01-06 01:35:00	1.17164	1.1718	1.17164	1.17174	72	4
2026-01-06 01:36:00	1.17174	1.17178	1.17172	1.17178	16	3
2026-01-06 01:37:00	1.17174	1.17182	1.17169	1.17181	56	5
2026-01-06 01:38:00	1.17183	1.1719	1.17182	1.1719	78	4
2026-01-06 01:39:00	1.17188	1.17192	1.17186	1.17191	45	5
2026-01-06 01:40:00	1.1719	1.17195	1.17186	1.17195	42	4
2026-01-06 01:41:00	1.17195	1.17195	1.17189	1.17189	41	5
2026-01-06 01:42:00	1.1719	1.17204	1.17186	1.17204	64	5
2026-01-06 01:43:00	1.17203	1.17208	1.17201	1.17205	34	5
2026-01-06 01:44:00	1.17206	1.1721	1.17201	1.17201	69	5
2026-01-06 01:45:00	1.17202	1.17208	1.172	1.17201	82	5
2026-01-06 01:46:00	1.172	1.17216	1.172	1.17213	61	5
2026-01-06 01:47:00	1.17214	1.17227	1.17214	1.17227	83	5
2026-01-06 01:48:00	1.1723	1.17231	1.17224	1.17226	83	5
2026-01-06 01:49:00	1.17224	1.17226	1.17213	1.17213	59	5
2026-01-06 01:50:00	1.17212	1.17222	1.17209	1.17218	78	4
2026-01-06 01:51:00	1.1722	1.1723	1.1722	1.17226	73	5
2026-01-06 01:52:00	1.17225	1.17229	1.17217	1.17225	90	5
2026-01-06 01:53:00	1.17225	1.17226	1.17211	1.17222	89	5
2026-01-06 01:54:00	1.17221	1.17231	1.17221	1.17231	66	5
2026-01-06 01:55:00	1.1723	1.17234	1.17226	1.17233	46	5
2026-01-06 01:56:00	1.17232	1.17235	1.17225	1.17235	65	5
2026-01-06 01:57:00	1.17236	1.17242	1.17236	1.17239	51	3
2026-01-06 01:58:00	1.17238	1.17244	1.17238	1.17242	18	3
2026-01-06 01:59:00	1.17244	1.17253	1.17238	1.17253	49	3
2026-01-06 02:00:00	1.17253	1.17256	1.17247	1.17249	43	3
2026-01-06 02:01:00	1.17247	1.17263	1.17246	1.17263	58	3
2026-01-06 02:02:00	1.17262	1.17278	1.17259	1.1727	60	3
2026-01-06 02:03:00	1.1727	1.17277	1.17266	1.17269	40	3
2026-01-06 02:04:00	1.17267	1.17271	1.17251	1.17251	54	4
2026-01-06 02:05:00	1.1725	1.17252	1.17239	1.17242	53	4
2026-01-06 02:06:00	1.17239	1.17239	1.17229	1.17229	54	4
2026-01-06 02:07:00	1.17231	1.17239	1.1723	1.17239	12	3
2026-01-06 02:08:00	1.17237	1.17248	1.17235	1.17248	24	3
2026-01-06 02:09:00	1.17248	1.1725	1.17245	1.17245	22	4
2026-01-06 02:10:00	1.17247	1.17247	1.17242	1.17242	26	4
2026-01-06 02:11:00	1.17242	1.17247	1.17241	1.17244	55	4
2026-01-06 02:12:00	1.17243	1.17243	1.17231	1.17235	87	4
2026-01-06 02:13:00	1.17237	1.17238	1.1723	1.17231	84	5
2026-01-06 02:14:00	1.17232	1.17234	1.1723	1.17231	34	5
2026-01-06 02:15:00	1.1723	1.17235	1.1723	1.1723	79	6
2026-01-06 02:16:00	1.1723	1.17239	1.17225	1.17237	56	4
2026-01-06 02:17:00	1.17238	1.17243	1.17238	1.17242	37	3
2026-01-06 02:18:00	1.17242	1.1725	1.17242	1.17249	35	3
2026-01-06 02:19:00	1.17249	1.17249	1.17238	1.17238	43	5
2026-01-06 02:20:00	1.17239	1.17239	1.17227	1.17238	67	4
2026-01-06 02:21:00	1.17239	1.17239	1.17223	1.17223	57	3
2026-01-06 02:22:00	1.17224	1.1723	1.17223	1.17226	14	3
2026-01-06 02:23:00	1.17226	1.17227	1.17222	1.17222	14	2
2026-01-06 02:24:00	1.17223	1.17226	1.17222	1.17226	8	3
2026-01-06 02:25:00	1.17227	1.17228	1.17222	1.17226	15	2
2026-01-06 02:26:00	1.1723	1.17234	1.1723	1.17233	13	3
2026-01-06 02:27:00	1.17232	1.17236	1.17224	1.17236	24	3
2026-01-06 02:28:00	1.17235	1.17242	1.17232	1.17242	26	4
2026-01-06 02:29:00	1.17243	1.17243	1.17232	1.17235	19	3
2026-01-06 02:30:00	1.17236	1.17244	1.17234	1.17237	24	3
2026-01-06 02:31:00	1.17236	1.17247	1.17236	1.17247	12	3
2026-01-06 02:32:00	1.17246	1.17254	1.17246	1.17252	22	3
2026-01-06 02:33:00	1.17251	1.17256	1.17246	1.17246	38	4
2026-01-06 02:34:00	1.17244	1.17248	1.17244	1.17247	12	4
2026-01-06 02:35:00	1.17246	1.17249	1.1724	1.17245	25	2
2026-01-06 02:36:00	1.17248	1.17255	1.17247	1.17247	21	4
2026-01-06 02:37:00	1.17247	1.17255	1.17247	1.17251	22	3
2026-01-06 02:38:00	1.1725	1.17254	1.17248	1.17254	16	3
2026-01-06 02:39:00	1.17253	1.17253	1.17242	1.17242	29	3
2026-01-06 02:40:00	1.17244	1.17248	1.1724	1.1724	19	3
2026-01-06 02:41:00	1.17239	1.1725	1.17239	1.1725	17	3
2026-01-06 02:42:00	1.17251	1.1727	1.1725	1.1727	85	5
2026-01-06 02:43:00	1.1727	1.17272	1.17262	1.17271	43	3
2026-01-06 02:44:00	1.17273	1.17279	1.1727	1.17276	44	5
2026-01-06 02:45:00	1.17277	1.17278	1.17275	1.17278	26	5
2026-01-06 02:46:00	1.17276	1.17303	1.17276	1.17301	89	5
2026-01-06 02:47:00	1.17302	1.17309	1.173	1.17308	28	3
2026-01-06 02:48:00	1.17306	1.17317	1.17302	1.17313	49	4
2026-01-06 02:49:00	1.17312	1.17335	1.17312	1.17331	57	4
2026-01-06 02:50:00	1.17331	1.17331	1.17313	1.17321	135	5
2026-01-06 02:51:00	1.17322	1.17329	1.1732	1.17327	33	5
2026-01-06 02:52:00	1.17328	1.17338	1.17327	1.17337	52	3
2026-01-06 02:53:00	1.17337	1.17351	1.17334	1.1735	55	4
2026-01-06 02:54:00	1.17349	1.17354	1.17346	1.17353	58	5
2026-01-06 02:55:00	1.17353	1.17357	1.17352	1.17356	37	5
2026-01-06 02:56:00	1.17355	1.17358	1.17347	1.17351	39	4
2026-01-06 02:57:00	1.17352	1.17372	1.17346	1.17371	69	4
2026-01-06 02:58:00	1.17371	1.17376	1.17367	1.17367	60	3
2026-01-06 02:59:00	1.17367	1.17376	1.17364	1.17371	78	3
2026-01-06 03:00:00	1.17371	1.17382	1.17365	1.17368	78	4
2026-01-06 03:01:00	1.17367	1.17374	1.17367	1.17373	32	3
2026-01-06 03:02:00	1.17372	1.17372	1.1736	1.17361	37	3
2026-01-06 03:03:00	1.17362	1.17363	1.17354	1.17354	15	2
2026-01-06 03:04:00	1.17352	1.17352	1.1734	1.17341	51	4
2026-01-06 03:05:00	1.17341	1.17341	1.17334	1.17339	35	4
2026-01-06 03:06:00	1.17337	1.17339	1.17335	1.17337	16	3
2026-01-06 03:07:00	1.17338	1.17341	1.17336	1.17339	18	3
2026-01-06 03:08:00	1.17337	1.17339	1.17327	1.17328	33	3
2026-01-06 03:09:00	1.17328	1.17331	1.17325	1.17326	46	3
2026-01-06 03:10:00	1.17327	1.17331	1.17324	1.17329	13	3
2026-01-06 03:11:00	1.17327	1.17339	1.17327	1.17339	26	3
2026-01-06 03:12:00	1.17338	1.17344	1.17338	1.17344	13	3
2026-01-06 03:13:00	1.17345	1.17345	1.17334	1.17336	21	3
2026-01-06 03:14:00	1.17337	1.17337	1.17329	1.17329	36	3
2026-01-06 03:15:00	1.17331	1.17338	1.17328	1.17336	36	3
2026-01-06 03:16:00	1.17334	1.1735	1.1733	1.1735	30	3
2026-01-06 03:17:00	1.17348	1.17349	1.17338	1.1734	39	4
2026-01-06 03:18:00	1.17343	1.17355	1.17341	1.17349	65	3
2026-01-06 03:19:00	1.17349	1.17351	1.17345	1.17345	50	4
2026-01-06 03:20:00	1.17345	1.17352	1.17345	1.17352	25	4
2026-01-06 03:21:00	1.17355	1.17355	1.17343	1.17346	74	4
2026-01-06 03:22:00	1.17346	1.17354	1.17346	1.17353	65	4
2026-01-06 03:23:00	1.17355	1.17367	1.17354	1.17367	52	5
2026-01-06 03:24:00	1.17365	1.17365	1.17362	1.17364	15	4
2026-01-06 03:25:00	1.17367	1.17367	1.17354	1.17356	77	5
2026-01-06 03:26:00	1.17356	1.17356	1.17345	1.17347	30	4
2026-01-06 03:27:00	1.17347	1.1735	1.17342	1.17342	8	2
2026-01-06 03:28:00	1.17343	1.17349	1.17343	1.17345	43	5
2026-01-06 03:29:00	1.17347	1.17347	1.1734	1.17346	72	5
2026-01-06 03:30:00	1.17344	1.17346	1.17341	1.17342	30	4
2026-01-06 03:31:00	1.17342	1.17343	1.17338	1.1734	20	4
2026-01-06 03:32:00	1.1734	1.17351	1.1734	1.17351	13	3
2026-01-06 03:33:00	1.17351	1.17353	1.17347	1.17347	15	3
2026-01-06 03:34:00	1.17347	1.17347	1.17345	1.17347	4	3
2026-01-06 03:35:00	1.17347	1.17349	1.17345	1.17345	14	3
2026-01-06 03:36:00	1.17347	1.17352	1.17347	1.17349	23	3
2026-01-06 03:37:00	1.17347	1.17353	1.17347	1.17352	30	3
2026-01-06 03:38:00	1.17352	1.17358	1.17352	1.17358	12	2
2026-01-06 03:39:00	1.17358	1.17375	1.17355	1.17373	53	3
2026-01-06 03:40:00	1.17374	1.17378	1.1737	1.17376	111	4
2026-01-06 03:41:00	1.17376	1.17379	1.17374	1.17374	97	5
2026-01-06 03:42:00	1.17376	1.1738	1.17376	1.17377	49	5
2026-01-06 03:43:00	1.17377	1.17377	1.17367	1.17369	19	4
2026-01-06 03:44:00	1.17368	1.17373	1.17367	1.17367	41	5
2026-01-06 03:45:00	1.17368	1.17368	1.17367	1.17367	17	4
2026-01-06 03:46:00	1.17367	1.17371	1.17366	1.17371	42	4
2026-01-06 03:47:00	1.17371	1.17373	1.17371	1.17371	23	4
2026-01-06 03:48:00	1.17369	1.17369	1.17353	1.17353	43	4
2026-01-06 03:49:00	1.17355	1.17356	1.17351	1.17351	60	4
2026-01-06 03:50:00	1.17351	1.17353	1.17346	1.17347	56	4
2026-01-06 03:51:00	1.17349	1.17351	1.1734	1.17346	66	4
2026-01-06 03:52:00	1.17347	1.17348	1.17341	1.17345	120	5
2026-01-06 03:53:00	1.17347	1.17348	1.17342	1.17342	63	5
2026-01-06 03:54:00	1.17343	1.17352	1.17343	1.17349	50	5
2026-01-06 03:55:00	1.1735	1.17353	1.1735	1.17351	27	5
2026-01-06 03:56:00	1.1735	1.17352	1.17349	1.17352	25	5
2026-01-06 03:57:00	1.17351	1.17355	1.1734	1.1734	125	6
2026-01-06 03:58:00	1.17344	1.17349	1.17343	1.17346	25	4
2026-01-06 03:59:00	1.17346	1.17347	1.17342	1.17343	77	6
2026-01-06 04:00:00	1.17343	1.17347	1.1734	1.17346	50	6
2026-01-06 04:01:00	1.17344	1.17344	1.17341	1.17343	34	6
2026-01-06 04:02:00	1.17342	1.17342	1.17332	1.17332	85	6
2026-01-06 04:03:00	1.17333	1.17334	1.17325	1.17327	79	5
2026-01-06 04:04:00	1.17327	1.17333	1.17326	1.17331	50	5
2026-01-06 04:05:00	1.17332	1.17336	1.17329	1.17331	58	5
2026-01-06 04:06:00	1.17332	1.17332	1.17324	1.17326	37	5
2026-01-06 04:07:00	1.17325	1.1733	1.17325	1.1733	18	5
2026-01-06 04:08:00	1.17329	1.17333	1.17327	1.17333	49	5
2026-01-06 04:09:00	1.17333	1.17335	1.17329	1.17333	52	5
2026-01-06 04:10:00	1.17333	1.17333	1.17327	1.17328	29	4
2026-01-06 04:11:00	1.17327	1.17329	1.17324	1.17329	25	5
2026-01-06 04:12:00	1.17327	1.17341	1.17327	1.17336	60	4
2026-01-06 04:13:00	1.17336	1.17337	1.17334	1.17337	53	5
2026-01-06 04:14:00	1.17337	1.17337	1.17332	1.17332	35	4
2026-01-06 04:15:00	1.17334	1.17335	1.17333	1.17334	10	5
2026-01-06 04:16:00	1.17334	1.17341	1.17329	1.1734	61	5
2026-01-06 04:17:00	1.17341	1.17346	1.1734	1.17346	32	5
2026-01-06 04:18:00	1.17345	1.17346	1.17342	1.17342	46	5
2026-01-06 04:19:00	1.17342	1.17345	1.17337	1.17338	24	5
2026-01-06 04:20:00	1.17337	1.17337	1.17334	1.17334	41	5
2026-01-06 04:21:00	1.17336	1.17336	1.17333	1.17335	27	5
2026-01-06 04:22:00	1.17336	1.17336	1.17325	1.17327	45	4
2026-01-06 04:23:00	1.17327	1.17328	1.17326	1.17327	14	5
2026-01-06 04:24:00	1.17327	1.17331	1.17326	1.17327	41	5
2026-01-06 04:25:00	1.17327	1.17328	1.17323	1.17325	35	5
2026-01-06 04:26:00	1.17327	1.1733	1.17325	1.17329	55	5
2026-01-06 04:27:00	1.17328	1.17328	1.17325	1.17326	47	6
2026-01-06 04:28:00	1.17326	1.1733	1.17318	1.17321	57	6
2026-01-06 04:29:00	1.1732	1.17325	1.17319	1.17325	17	4
2026-01-06 04:30:00	1.1733	1.17343	1.1733	1.17343	12	5
2026-01-06 04:31:00	1.17344	1.17344	1.17342	1.17343	6	4
2026-01-06 04:32:00	1.17345	1.17351	1.17345	1.17351	38	5
2026-01-06 04:33:00	1.17351	1.17355	1.17351	1.17352	22	5
2026-01-06 04:34:00	1.17353	1.17353	1.17352	1.17352	19	5
2026-01-06 04:35:00	1.17353	1.17353	1.17338	1.17341	47	5
2026-01-06 04:36:00	1.17341	1.17342	1.17334	1.17334	61	6
2026-01-06 04:37:00	1.17334	1.17338	1.17334	1.17338	8	4
2026-01-06 04:38:00	1.17339	1.17339	1.17338	1.17338	4	2
2026-01-06 04:39:00	1.17335	1.17335	1.17326	1.17326	31	4
2026-01-06 04:40:00	1.17327	1.17331	1.17321	1.1733	43	4
2026-01-06 04:41:00	1.17329	1.17335	1.17329	1.17333	30	3
2026-01-06 04:42:00	1.17332	1.17339	1.17332	1.17338	20	3
2026-01-06 04:43:00	1.17335	1.17336	1.1733	1.1733	15	3
2026-01-06 04:44:00	1.17333	1.17335	1.17331	1.17331	13	3
2026-01-06 04:45:00	1.17334	1.17334	1.17331	1.17332	13	2
2026-01-06 04:46:00	1.17331	1.17333	1.1733	1.17331	13	2
2026-01-06 04:47:00	1.17331	1.17331	1.1733	1.1733	5	3
2026-01-06 04:48:00	1.1733	1.1733	1.17324	1.17325	13	3
2026-01-06 04:49:00	1.17329	1.17329	1.17323	1.17323	16	3
2026-01-06 04:50:00	1.17321	1.17321	1.17314	1.17317	29	3
2026-01-06 04:51:00	1.17318	1.17319	1.17317	1.17318	11	3
2026-01-06 04:52:00	1.17317	1.17317	1.17316	1.17316	5	4
2026-01-06 04:53:00	1.17317	1.17318	1.17317	1.17318	2	4
2026-01-06 04:54:00	1.1732	1.17326	1.1732	1.17324	18	3
2026-01-06 04:55:00	1.17327	1.17338	1.17327	1.17338	17	3
2026-01-06 04:56:00	1.17335	1.17335	1.17332	1.17335	29	3
2026-01-06 04:57:00	1.17335	1.17339	1.17331	1.17336	31	3
2026-01-06 04:58:00	1.17336	1.17338	1.17333	1.17337	21	3
2026-01-06 04:59:00	1.17336	1.17338	1.17336	1.17336	4	3
2026-01-06 05:00:00	1.17334	1.17335	1.17329	1.17332	24	3
2026-01-06 05:01:00	1.17332	1.1734	1.17332	1.17339	30	4
2026-01-06 05:02:00	1.17338	1.17338	1.17333	1.17336	44	4
2026-01-06 05:03:00	1.17336	1.17341	1.17336	1.17341	15	5
2026-01-06 05:04:00	1.1734	1.17344	1.1734	1.17343	30	5
2026-01-06 05:05:00	1.17343	1.1735	1.17342	1.17345	99	6
2026-01-06 05:06:00	1.17346	1.1735	1.17345	1.17348	72	5
2026-01-06 05:07:00	1.17346	1.1735	1.17343	1.17343	52	6
2026-01-06 05:08:00	1.17344	1.17344	1.17342	1.17344	21	6
2026-01-06 05:09:00	1.17346	1.17353	1.17345	1.17348	31	5
2026-01-06 05:10:00	1.17346	1.17349	1.17346	1.17348	14	5
2026-01-06 05:11:00	1.17348	1.17352	1.17348	1.17351	21	5
2026-01-06 05:12:00	1.17352	1.17356	1.17348	1.17356	25	5
2026-01-06 05:13:00	1.17357	1.17363	1.17357	1.17362	56	5
2026-01-06 05:14:00	1.17361	1.17366	1.17361	1.17365	32	5
2026-01-06 05:15:00	1.17364	1.17364	1.1735	1.17353	44	5
2026-01-06 05:16:00	1.17354	1.17361	1.17351	1.17358	79	5
2026-01-06 05:17:00	1.17359	1.17363	1.17357	1.17362	29	5
2026-01-06 05:18:00	1.17361	1.17363	1.17356	1.17363	29	5
2026-01-06 05:19:00	1.17361	1.17363	1.17357	1.17361	21	5
2026-01-06 05:20:00	1.17359	1.1736	1.17357	1.17359	36	5
2026-01-06 05:21:00	1.17358	1.17359	1.17351	1.17352	43	4
2026-01-06 05:22:00	1.17352	1.17358	1.17351	1.17355	59	5
2026-01-06 05:23:00	1.17355	1.17359	1.17355	1.17358	18	6
2026-01-06 05:24:00	1.17358	1.17358	1.17353	1.17353	18	6
2026-01-06 05:25:00	1.17352	1.17357	1.17352	1.17357	20	5
2026-01-06 05:26:00	1.17358	1.17364	1.17358	1.17363	16	5
2026-01-06 05:27:00	1.17364	1.17364	1.17358	1.17359	23	5
2026-01-06 05:28:00	1.17359	1.17366	1.17359	1.17363	41	5
2026-01-06 05:29:00	1.17362	1.17367	1.17359	1.17362	60	5
2026-01-06 05:30:00	1.17361	1.17362	1.17356	1.1736	77	5
2026-01-06 05:31:00	1.17358	1.17358	1.17353	1.17353	38	5
2026-01-06 05:32:00	1.17353	1.17353	1.1735	1.17351	20	5
2026-01-06 05:33:00	1.17353	1.17358	1.17351	1.17355	27	3
2026-01-06 05:34:00	1.17355	1.17358	1.17355	1.17357	33	5
2026-01-06 05:35:00	1.17356	1.17356	1.17351	1.17352	19	5
2026-01-06 05:36:00	1.17352	1.17358	1.17351	1.17358	28	5
2026-01-06 05:37:00	1.17356	1.17359	1.17353	1.17357	74	6
2026-01-06 05:38:00	1.17361	1.17369	1.17357	1.17361	48	5
2026-01-06 05:39:00	1.1736	1.1736	1.1735	1.1735	73	4
2026-01-06 05:40:00	1.17349	1.1735	1.17342	1.17343	81	5
2026-01-06 05:41:00	1.17344	1.17345	1.17341	1.17341	72	5
2026-01-06 05:42:00	1.17342	1.17343	1.17339	1.17341	66	5
2026-01-06 05:43:00	1.1734	1.17341	1.17331	1.17331	82	5
2026-01-06 05:44:00	1.1733	1.1733	1.17328	1.17328	3	6
2026-01-06 05:45:00	1.17329	1.17333	1.17329	1.1733	34	5
2026-01-06 05:46:00	1.1733	1.17331	1.17328	1.1733	24	5
2026-01-06 05:47:00	1.17328	1.17329	1.1732	1.17325	106	5
2026-01-06 05:48:00	1.17326	1.17327	1.17322	1.17324	56	5
2026-01-06 05:49:00	1.17324	1.17325	1.17319	1.1732	52	5
2026-01-06 05:50:00	1.17319	1.17322	1.17317	1.17319	44	5
2026-01-06 05:51:00	1.1732	1.17321	1.1731	1.17311	60	3
2026-01-06 05:52:00	1.1731	1.1731	1.17297	1.17301	72	4
2026-01-06 05:53:00	1.17303	1.17303	1.17287	1.17289	34	3
2026-01-06 05:54:00	1.17289	1.17301	1.17286	1.17298	68	3
2026-01-06 05:55:00	1.17298	1.17298	1.17271	1.17276	128	5
2026-01-06 05:56:00	1.17276	1.17293	1.17276	1.17289	55	3
2026-01-06 05:57:00	1.17291	1.17291	1.1728	1.17284	63	4
2026-01-06 05:58:00	1.17285	1.17289	1.17281	1.17281	122	4
2026-01-06 05:59:00	1.17282	1.17292	1.1728	1.17287	32	3
2026-01-06 06:00:00	1.17288	1.17305	1.17287	1.17295	69	4
2026-01-06 06:01:00	1.17295	1.17299	1.17285	1.17287	63	5
2026-01-06 06:02:00	1.1729	1.17312	1.1729	1.17312	35	4
2026-01-06 06:03:00	1.17311	1.17315	1.17306	1.17308	36	5
2026-01-06 06:04:00	1.17312	1.17324	1.1731	1.17323	50	4
2026-01-06 06:05:00	1.17321	1.17324	1.17317	1.17318	49	5
2026-01-06 06:06:00	1.17318	1.17318	1.17304	1.1731	61	4
2026-01-06 06:07:00	1.17312	1.17313	1.17301	1.17302	21	3
2026-01-06 06:08:00	1.173	1.17311	1.173	1.17311	29	3
2026-01-06 06:09:00	1.17312	1.17318	1.17307	1.17316	53	5
2026-01-06 06:10:00	1.17315	1.17318	1.17312	1.17318	47	5
2026-01-06 06:11:00	1.17317	1.17322	1.17312	1.17322	46	5
2026-01-06 06:12:00	1.17321	1.17322	1.17314	1.17314	52	5
2026-01-06 06:13:00	1.17315	1.17317	1.17315	1.17316	20	5
2026-01-06 06:14:00	1.17319	1.17319	1.17314	1.17316	67	5
2026-01-06 06:15:00	1.17317	1.17321	1.17314	1.17314	87	5
2026-01-06 06:16:00	1.17314	1.17317	1.17311	1.17316	18	4
2026-01-06 06:17:00	1.17314	1.17321	1.17313	1.17319	25	5
2026-01-06 06:18:00	1.1732	1.17326	1.17317	1.17326	29	4
2026-01-06 06:19:00	1.17327	1.17335	1.17322	1.17335	19	4
2026-01-06 06:20:00	1.17334	1.17334	1.17321	1.17322	64	5
2026-01-06 06:21:00	1.17323	1.17326	1.17321	1.17325	40	6
2026-01-06 06:22:00	1.17327	1.17331	1.17326	1.17329	50	5
2026-01-06 06:23:00	1.17329	1.17334	1.17323	1.17334	93	5
2026-01-06 06:24:00	1.17334	1.17336	1.17331	1.17336	74	5
2026-01-06 06:25:00	1.17337	1.17342	1.17329	1.17329	17	3
2026-01-06 06:26:00	1.1733	1.17332	1.17315	1.1732	37	3
2026-01-06 06:27:00	1.17319	1.17322	1.17315	1.17315	40	5
2026-01-06 06:28:00	1.17314	1.17322	1.17312	1.17321	74	5
2026-01-06 06:29:00	1.17323	1.17351	1.17322	1.17347	80	4
2026-01-06 06:30:00	1.17348	1.17352	1.17341	1.17342	71	5
2026-01-06 06:31:00	1.17342	1.17349	1.17342	1.17345	67	4
2026-01-06 06:32:00	1.17347	1.17357	1.17345	1.17357	50	4
2026-01-06 06:33:00	1.17356	1.17365	1.17351	1.17363	37	4
2026-01-06 06:34:00	1.17365	1.17365	1.17351	1.17351	56	4
2026-01-06 06:35:00	1.17352	1.17354	1.17342	1.17348	46	4
2026-01-06 06:36:00	1.17344	1.17344	1.17338	1.17341	95	5
2026-01-06 06:37:00	1.17342	1.17342	1.17337	1.1734	82	5
2026-01-06 06:38:00	1.17342	1.17347	1.1734	1.17346	43	5
2026-01-06 06:39:00	1.17346	1.17346	1.17342	1.17344	40	5
2026-01-06 06:40:00	1.17344	1.17349	1.17342	1.17347	31	5
2026-01-06 06:41:00	1.17347	1.17352	1.17346	1.17351	34	5
2026-01-06 06:42:00	1.17351	1.17362	1.17351	1.17357	60	5
2026-01-06 06:43:00	1.17356	1.17358	1.17351	1.17358	49	4
2026-01-06 06:44:00	1.17358	1.17358	1.1734	1.17343	69	4
2026-01-06 06:45:00	1.17343	1.17347	1.1734	1.17343	83	5
2026-01-06 06:46:00	1.17345	1.17348	1.1734	1.1734	78	5
2026-01-06 06:47:00	1.17341	1.1735	1.1734	1.1735	81	5
2026-01-06 06:48:00	1.17349	1.17358	1.17349	1.17357	115	5
2026-01-06 06:49:00	1.17356	1.17356	1.17351	1.17351	72	5
2026-01-06 06:50:00	1.1735	1.17358	1.17346	1.17355	102	5
2026-01-06 06:51:00	1.17353	1.17354	1.17348	1.17353	44	4
2026-01-06 06:52:00	1.17354	1.17357	1.17351	1.17357	19	3
2026-01-06 06:53:00	1.17358	1.17362	1.17351	1.17352	29	3
2026-01-06 06:54:00	1.17353	1.17363	1.17353	1.17362	77	5
2026-01-06 06:55:00	1.17361	1.17362	1.17358	1.17361	74	5
2026-01-06 06:56:00	1.17361	1.17363	1.17359	1.17361	80	5
2026-01-06 06:57:00	1.17362	1.1737	1.17362	1.17366	78	4
2026-01-06 06:58:00	1.17365	1.17366	1.17358	1.17361	53	4
2026-01-06 06:59:00	1.17362	1.17363	1.17361	1.17361	7	2
2026-01-06 07:00:00	1.17361	1.17379	1.17361	1.17368	128	3
2026-01-06 07:01:00	1.17368	1.17384	1.17364	1.17379	114	3
2026-01-06 07:02:00	1.17379	1.17379	1.17371	1.17378	118	4
2026-01-06 07:03:00	1.17378	1.17383	1.17374	1.17374	79	3
2026-01-06 07:04:00	1.17376	1.17405	1.17375	1.17405	126	3
2026-01-06 07:05:00	1.17403	1.17403	1.17393	1.174	84	2
2026-01-06 07:06:00	1.17402	1.17415	1.174	1.17414	87	2
2026-01-06 07:07:00	1.17414	1.17417	1.17412	1.17413	144	2
2026-01-06 07:08:00	1.17414	1.17427	1.17412	1.17427	61	3
2026-01-06 07:09:00	1.17427	1.17428	1.17413	1.17417	66	3
2026-01-06 07:10:00	1.17418	1.17423	1.17411	1.17412	105	2
2026-01-06 07:11:00	1.17412	1.17416	1.174	1.17402	67	2
2026-01-06 07:12:00	1.17401	1.17401	1.17387	1.17392	77	2
2026-01-06 07:13:00	1.17392	1.17392	1.17376	1.17376	27	3
2026-01-06 07:14:00	1.17377	1.17385	1.17372	1.17377	66	3
2026-01-06 07:15:00	1.1738	1.1738	1.17372	1.17375	31	3
2026-01-06 07:16:00	1.17376	1.17378	1.17372	1.17375	21	3
2026-01-06 07:17:00	1.17374	1.17381	1.17369	1.17371	63	3
2026-01-06 07:18:00	1.17371	1.17372	1.17362	1.17368	64	3
2026-01-06 07:19:00	1.1737	1.1737	1.17357	1.17358	105	4
2026-01-06 07:20:00	1.1736	1.17362	1.17355	1.17357	81	4
2026-01-06 07:21:00	1.17358	1.17358	1.17332	1.17332	130	4
2026-01-06 07:22:00	1.17332	1.17338	1.17327	1.17338	79	4
2026-01-06 07:23:00	1.17339	1.17341	1.17328	1.17338	72	4
2026-01-06 07:24:00	1.17338	1.17347	1.17332	1.17337	106	4
2026-01-06 07:25:00	1.17337	1.17337	1.17327	1.17327	72	4
2026-01-06 07:26:00	1.17327	1.17333	1.17327	1.17328	137	4
2026-01-06 07:27:00	1.17328	1.17343	1.17328	1.17341	114	3
2026-01-06 07:28:00	1.17342	1.17346	1.17338	1.17343	105	3
2026-01-06 07:29:00	1.17341	1.17346	1.17341	1.17345	78	3
2026-01-06 07:30:00	1.17344	1.17346	1.17338	1.17339	89	3
2026-01-06 07:31:00	1.1734	1.17353	1.1734	1.17347	75	3
2026-01-06 07:32:00	1.17347	1.17349	1.1734	1.17347	134	3
2026-01-06 07:33:00	1.17347	1.17352	1.17345	1.17347	86	3
2026-01-06 07:34:00	1.17348	1.17359	1.17346	1.17357	73	3
2026-01-06 07:35:00	1.17356	1.17356	1.17346	1.17349	117	4
2026-01-06 07:36:00	1.17353	1.17363	1.17353	1.17357	85	4
2026-01-06 07:37:00	1.17357	1.17363	1.17357	1.17358	63	4
2026-01-06 07:38:00	1.17359	1.17367	1.17357	1.17365	65	4
2026-01-06 07:39:00	1.17365	1.17392	1.17365	1.17381	121	4
2026-01-06 07:40:00	1.17383	1.17384	1.17379	1.17382	102	4
2026-01-06 07:41:00	1.17382	1.17382	1.1737	1.17372	77	4
2026-01-06 07:42:00	1.17373	1.17373	1.1736	1.17364	45	3
2026-01-06 07:43:00	1.17363	1.17376	1.17359	1.17375	52	4
2026-01-06 07:44:00	1.17375	1.17375	1.17357	1.17358	109	5
2026-01-06 07:45:00	1.17358	1.17368	1.17339	1.17368	182	5
2026-01-06 07:46:00	1.17366	1.17366	1.1734	1.17343	87	4
2026-01-06 07:47:00	1.17343	1.17346	1.17335	1.17337	96	5
2026-01-06 07:48:00	1.17337	1.17347	1.17329	1.17329	83	4
2026-01-06 07:49:00	1.17328	1.17336	1.17328	1.1733	54	4
2026-01-06 07:50:00	1.17333	1.17352	1.17332	1.17341	110	5
2026-01-06 07:51:00	1.17342	1.17343	1.17323	1.17329	96	4
2026-01-06 07:52:00	1.17329	1.17331	1.17321	1.17322	104	4
2026-01-06 07:53:00	1.17322	1.17322	1.1731	1.17313	134	4
2026-01-06 07:54:00	1.17315	1.17339	1.17315	1.17328	150	4
2026-01-06 07:55:00	1.17328	1.17328	1.17297	1.17303	135	4
2026-01-06 07:56:00	1.17303	1.17308	1.17288	1.17294	208	5
2026-01-06 07:57:00	1.17294	1.17305	1.17259	1.1726	210	4
2026-01-06 07:58:00	1.17257	1.1729	1.17257	1.17272	183	4
2026-01-06 07:59:00	1.17271	1.1729	1.1727	1.17289	127	4
2026-01-06 08:00:00	1.17288	1.17298	1.17275	1.17291	178	4
2026-01-06 08:01:00	1.17291	1.17297	1.1727	1.17289	235	4
2026-01-06 08:02:00	1.17289	1.17299	1.17285	1.17294	194	4
2026-01-06 08:03:00	1.17294	1.17303	1.1729	1.17302	118	4
2026-01-06 08:04:00	1.17302	1.17317	1.17288	1.17292	108	4
2026-01-06 08:05:00	1.17293	1.17329	1.17293	1.17327	164	4
2026-01-06 08:06:00	1.17326	1.17342	1.17323	1.17334	130	3
2026-01-06 08:07:00	1.17333	1.17342	1.17326	1.17342	203	4
2026-01-06 08:08:00	1.17341	1.17345	1.17328	1.17333	145	4
2026-01-06 08:09:00	1.17333	1.17334	1.17325	1.17327	169	4
2026-01-06 08:10:00	1.1733	1.17344	1.17323	1.17341	95	4
2026-01-06 08:11:00	1.17341	1.1735	1.1734	1.17344	47	4
2026-01-06 08:12:00	1.17342	1.17342	1.17331	1.17333	50	3
2026-01-06 08:13:00	1.17337	1.17342	1.17333	1.1734	50	3
2026-01-06 08:14:00	1.17346	1.17349	1.17335	1.17335	60	3
2026-01-06 08:15:00	1.17337	1.17388	1.17336	1.1738	108	3
2026-01-06 08:16:00	1.17378	1.17378	1.17355	1.17357	78	3
2026-01-06 08:17:00	1.17358	1.17373	1.17348	1.17373	84	3
2026-01-06 08:18:00	1.1737	1.17371	1.1736	1.17371	61	3
2026-01-06 08:19:00	1.17374	1.17386	1.1737	1.17376	79	3
2026-01-06 08:20:00	1.17375	1.17379	1.17341	1.17347	80	3
2026-01-06 08:21:00	1.17347	1.17347	1.17322	1.17322	78	3
2026-01-06 08:22:00	1.17323	1.17323	1.1731	1.17312	142	3
2026-01-06 08:23:00	1.17313	1.17323	1.17297	1.17299	79	3
2026-01-06 08:24:00	1.17298	1.17322	1.17297	1.173	108	3
2026-01-06 08:25:00	1.17302	1.17312	1.17295	1.17297	92	3
2026-01-06 08:26:00	1.17293	1.17311	1.17291	1.173	74	3
2026-01-06 08:27:00	1.17299	1.17302	1.17285	1.17288	79	3
2026-01-06 08:28:00	1.17286	1.1729	1.1728	1.17285	77	3
2026-01-06 08:29:00	1.17285	1.17285	1.17274	1.17279	98	2
2026-01-06 08:30:00	1.1728	1.17281	1.1726	1.17264	76	3
2026-01-06 08:31:00	1.17264	1.17268	1.17259	1.17267	63	3
2026-01-06 08:32:00	1.17269	1.17273	1.1726	1.17263	55	3
2026-01-06 08:33:00	1.17265	1.1728	1.17265	1.17273	53	3
2026-01-06 08:34:00	1.17275	1.17284	1.17272	1.17284	72	3
2026-01-06 08:35:00	1.17285	1.17285	1.17267	1.17278	70	3
2026-01-06 08:36:00	1.17277	1.17277	1.17267	1.17272	42	3
2026-01-06 08:37:00	1.17272	1.17287	1.17269	1.17282	170	4
2026-01-06 08:38:00	1.17282	1.173	1.17282	1.173	105	4
2026-01-06 08:39:00	1.17298	1.17299	1.17289	1.17291	77	4
2026-01-06 08:40:00	1.17289	1.17289	1.17266	1.17267	147	4
2026-01-06 08:41:00	1.17267	1.17276	1.17266	1.17274	47	3
2026-01-06 08:42:00	1.17274	1.17283	1.17269	1.1728	84	4
2026-01-06 08:43:00	1.17279	1.17283	1.17268	1.17274	86	3
2026-01-06 08:44:00	1.17274	1.17278	1.17269	1.1727	73	4
2026-01-06 08:45:00	1.17268	1.17287	1.17259	1.17285	164	4
2026-01-06 08:46:00	1.17285	1.17296	1.1728	1.17282	78	4
2026-01-06 08:47:00	1.17283	1.17299	1.17281	1.17293	137	5
2026-01-06 08:48:00	1.17293	1.17303	1.17293	1.17293	86	3
2026-01-06 08:49:00	1.17292	1.17325	1.1729	1.17314	132	4
2026-01-06 08:50:00	1.17316	1.17323	1.17307	1.17307	59	3
2026-01-06 08:51:00	1.17306	1.17312	1.17302	1.17307	57	3
2026-01-06 08:52:00	1.17307	1.17322	1.17302	1.17318	63	4
2026-01-06 08:53:00	1.17316	1.17316	1.17296	1.17296	90	4
2026-01-06 08:54:00	1.17296	1.17301	1.17291	1.17294	95	4
2026-01-06 08:55:00	1.17292	1.17297	1.17287	1.17289	100	4
2026-01-06 08:56:00	1.17289	1.17292	1.17271	1.17282	103	3
2026-01-06 08:57:00	1.1728	1.17293	1.1728	1.17287	112	4
2026-01-06 08:58:00	1.17287	1.17287	1.17278	1.17279	86	3
2026-01-06 08:59:00	1.17278	1.17291	1.17277	1.17281	119	5
2026-01-06 09:00:00	1.17282	1.17287	1.17262	1.17286	186	4
2026-01-06 09:01:00	1.17287	1.17287	1.17237	1.17251	231	4
2026-01-06 09:02:00	1.17252	1.17259	1.17233	1.17248	193	4
2026-01-06 09:03:00	1.17246	1.1726	1.17239	1.17241	103	4
2026-01-06 09:04:00	1.1724	1.17251	1.17211	1.17211	168	4
2026-01-06 09:05:00	1.1721	1.17232	1.1721	1.17216	139	4
2026-01-06 09:06:00	1.17218	1.17218	1.17201	1.17206	107	4
2026-01-06 09:07:00	1.17207	1.17212	1.17195	1.17199	193	4
2026-01-06 09:08:00	1.17199	1.17222	1.17199	1.17214	184	4
2026-01-06 09:09:00	1.17214	1.1722	1.1721	1.17213	85	4
2026-01-06 09:10:00	1.17215	1.17215	1.17201	1.17206	75	4
2026-01-06 09:11:00	1.17209	1.17211	1.17198	1.17199	121	4
2026-01-06 09:12:00	1.17196	1.17202	1.17182	1.17202	102	4
2026-01-06 09:13:00	1.17206	1.17207	1.17184	1.17184	130	3
2026-01-06 09:14:00	1.17183	1.17184	1.1717	1.17177	108	3
2026-01-06 09:15:00	1.17179	1.17182	1.17171	1.17171	108	4
2026-01-06 09:16:00	1.17171	1.17181	1.1716	1.17181	122	3
2026-01-06 09:17:00	1.17181	1.17187	1.17156	1.17157	106	3
2026-01-06 09:18:00	1.17158	1.17169	1.17153	1.17167	118	3
2026-01-06 09:19:00	1.17166	1.17166	1.17152	1.17161	101	3
2026-01-06 09:20:00	1.17161	1.17161	1.17131	1.17135	107	2
2026-01-06 09:21:00	1.17136	1.17155	1.17136	1.17155	116	3
2026-01-06 09:22:00	1.17156	1.17174	1.17146	1.17146	122	4
2026-01-06 09:23:00	1.17147	1.1715	1.17124	1.17135	121	3
2026-01-06 09:24:00	1.17134	1.17145	1.1712	1.1712	146	3
2026-01-06 09:25:00	1.17121	1.17126	1.17107	1.1711	69	3
2026-01-06 09:26:00	1.17111	1.17121	1.17108	1.17121	35	3
2026-01-06 09:27:00	1.17124	1.17126	1.17099	1.17099	47	3
2026-01-06 09:28:00	1.17101	1.17111	1.17095	1.17097	52	3
2026-01-06 09:29:00	1.17099	1.17116	1.17098	1.17116	54	3
2026-01-06 09:30:00	1.17114	1.17114	1.17095	1.17095	162	4
2026-01-06 09:31:00	1.17096	1.17117	1.17095	1.17115	112	4
2026-01-06 09:32:00	1.17115	1.17116	1.17102	1.17105	102	3
2026-01-06 09:33:00	1.17106	1.17111	1.17105	1.17105	105	3
2026-01-06 09:34:00	1.17105	1.17107	1.17091	1.17094	84	4
2026-01-06 09:35:00	1.17096	1.17096	1.17081	1.17082	151	4
2026-01-06 09:36:00	1.17081	1.17097	1.1708	1.17097	181	4
2026-01-06 09:37:00	1.17098	1.17098	1.17081	1.17082	139	4
2026-01-06 09:38:00	1.17084	1.17095	1.17084	1.17087	100	4
2026-01-06 09:39:00	1.17089	1.17102	1.17083	1.17102	116	4
2026-01-06 09:40:00	1.17103	1.17118	1.17102	1.17111	82	3
2026-01-06 09:41:00	1.17113	1.17133	1.17113	1.17121	105	4
2026-01-06 09:42:00	1.17122	1.17135	1.17119	1.17133	57	4
2026-01-06 09:43:00	1.17133	1.1714	1.17131	1.17135	101	4
2026-01-06 09:44:00	1.17134	1.17143	1.1713	1.17136	80	3
2026-01-06 09:45:00	1.17134	1.17155	1.1713	1.17155	104	3
2026-01-06 09:46:00	1.17155	1.17164	1.17147	1.17164	67	3
2026-01-06 09:47:00	1.17163	1.17169	1.17151	1.17158	89	3
2026-01-06 09:48:00	1.17159	1.17173	1.17155	1.17173	58	3
2026-01-06 09:49:00	1.17173	1.17181	1.17172	1.1718	73	4
2026-01-06 09:50:00	1.17178	1.17179	1.17157	1.17157	88	3
2026-01-06 09:51:00	1.17156	1.17158	1.17147	1.17151	59	3
2026-01-06 09:52:00	1.17149	1.17164	1.17148	1.17151	65	4
2026-01-06 09:53:00	1.17155	1.17164	1.17155	1.17155	42	3
2026-01-06 09:54:00	1.17155	1.17181	1.17152	1.17152	157	3
2026-01-06 09:55:00	1.1715	1.17155	1.17142	1.17153	75	3
2026-01-06 09:56:00	1.17152	1.17162	1.17152	1.17158	82	3
2026-01-06 09:57:00	1.17156	1.17169	1.17154	1.17162	85	3
2026-01-06 09:58:00	1.17163	1.17163	1.17143	1.17148	61	3
2026-01-06 09:59:00	1.17147	1.17153	1.17132	1.17132	96	2
2026-01-06 10:00:00	1.17132	1.17132	1.17117	1.17125	72	3
2026-01-06 10:01:00	1.17124	1.17133	1.17124	1.17127	76	3
2026-01-06 10:02:00	1.17129	1.17132	1.17116	1.17117	55	3
2026-01-06 10:03:00	1.17117	1.17117	1.17098	1.17099	72	3
2026-01-06 10:04:00	1.17099	1.17113	1.17097	1.17108	60	3
2026-01-06 10:05:00	1.17106	1.17112	1.17104	1.17112	20	3
2026-01-06 10:06:00	1.17112	1.17137	1.17112	1.17132	108	3
2026-01-06 10:07:00	1.1713	1.17153	1.1713	1.17151	82	3
2026-01-06 10:08:00	1.17153	1.17156	1.1714	1.17147	148	4
2026-01-06 10:09:00	1.17146	1.17147	1.17131	1.17141	66	3
2026-01-06 10:10:00	1.17143	1.17151	1.17141	1.17147	58	3
2026-01-06 10:11:00	1.17148	1.17148	1.1714	1.17141	70	3
2026-01-06 10:12:00	1.17141	1.17141	1.17121	1.17123	36	3
2026-01-06 10:13:00	1.17121	1.17121	1.17111	1.17116	61	3
2026-01-06 10:14:00	1.17117	1.1712	1.17108	1.17108	54	3
2026-01-06 10:15:00	1.1711	1.17116	1.17102	1.17104	47	3
2026-01-06 10:16:00	1.17103	1.17103	1.17086	1.17088	59	3
2026-01-06 10:17:00	1.1709	1.17101	1.17082	1.17098	44	3
2026-01-06 10:18:00	1.17096	1.17122	1.17096	1.17119	103	5
2026-01-06 10:19:00	1.17117	1.17135	1.17116	1.17131	58	3
2026-01-06 10:20:00	1.1713	1.17137	1.17127	1.17135	29	3
2026-01-06 10:21:00	1.17133	1.17152	1.17133	1.17146	59	2
2026-01-06 10:22:00	1.17145	1.17149	1.17132	1.17149	67	3
2026-01-06 10:23:00	1.1715	1.17159	1.17148	1.17159	109	3
2026-01-06 10:24:00	1.17157	1.17161	1.17149	1.1715	140	5
2026-01-06 10:25:00	1.1715	1.17157	1.17139	1.1715	211	4
2026-01-06 10:26:00	1.1715	1.17153	1.17132	1.17143	51	3
2026-01-06 10:27:00	1.17142	1.17145	1.17139	1.17145	24	4
2026-01-06 10:28:00	1.17147	1.1715	1.17133	1.17135	44	3
2026-01-06 10:29:00	1.1714	1.17145	1.17135	1.17145	48	3
2026-01-06 10:30:00	1.17146	1.17146	1.17133	1.17133	122	4
2026-01-06 10:31:00	1.17132	1.17133	1.17127	1.17128	27	2
2026-01-06 10:32:00	1.17131	1.17133	1.17121	1.17131	54	3
2026-01-06 10:33:00	1.17132	1.17144	1.17132	1.17143	40	3
2026-01-06 10:34:00	1.17143	1.17149	1.17137	1.17137	42	3
2026-01-06 10:35:00	1.17137	1.17147	1.17137	1.17141	49	3
2026-01-06 10:36:00	1.1714	1.17153	1.17139	1.17143	94	3
2026-01-06 10:37:00	1.17144	1.17151	1.17142	1.17148	89	4
2026-01-06 10:38:00	1.17148	1.17159	1.17147	1.17159	83	3
2026-01-06 10:39:00	1.17158	1.17168	1.17157	1.17168	95	3
2026-01-06 10:40:00	1.17171	1.17171	1.17149	1.17159	103	3
2026-01-06 10:41:00	1.1716	1.17166	1.17145	1.17145	154	3
2026-01-06 10:42:00	1.17146	1.17146	1.17136	1.17142	51	3
2026-01-06 10:43:00	1.17141	1.17141	1.1712	1.17129	107	3
2026-01-06 10:44:00	1.17129	1.17142	1.17124	1.17124	24	3
2026-01-06 10:45:00	1.17124	1.17132	1.17121	1.17122	24	2
2026-01-06 10:46:00	1.17121	1.17132	1.17121	1.17132	73	3
2026-01-06 10:47:00	1.17135	1.17143	1.17124	1.17124	115	3
2026-01-06 10:48:00	1.17122	1.17124	1.1712	1.17124	74	3
2026-01-06 10:49:00	1.17124	1.17136	1.17116	1.17136	73	2
2026-01-06 10:50:00	1.17135	1.17143	1.17132	1.17132	60	2
2026-01-06 10:51:00	1.17132	1.17136	1.17131	1.17133	88	2
2026-01-06 10:52:00	1.17134	1.17138	1.17134	1.17135	55	3
2026-01-06 10:53:00	1.17136	1.17136	1.17116	1.17116	61	2
2026-01-06 10:54:00	1.17118	1.17122	1.1711	1.17122	45	3
2026-01-06 10:55:00	1.17122	1.17124	1.17118	1.17122	50	2
2026-01-06 10:56:00	1.17124	1.17127	1.17122	1.17125	45	3
2026-01-06 10:57:00	1.17124	1.17124	1.17115	1.17121	63	3
2026-01-06 10:58:00	1.1712	1.17123	1.17117	1.17119	48	3
2026-01-06 10:59:00	1.17121	1.17129	1.17119	1.17126	50	3
2026-01-06 11:00:00	1.17126	1.17126	1.17102	1.17103	37	3
2026-01-06 11:01:00	1.17102	1.17117	1.17102	1.17117	50	2
2026-01-06 11:02:00	1.17115	1.17122	1.17111	1.17122	49	3
2026-01-06 11:03:00	1.17123	1.1713	1.17109	1.17111	84	3
2026-01-06 11:04:00	1.17111	1.17111	1.17098	1.17101	53	3
2026-01-06 11:05:00	1.17101	1.17101	1.17085	1.17086	68	3
2026-01-06 11:06:00	1.17082	1.17083	1.17074	1.17075	110	4
2026-01-06 11:07:00	1.17076	1.17077	1.1707	1.17072	49	3
2026-01-06 11:08:00	1.17071	1.17088	1.17071	1.17081	50	3
2026-01-06 11:09:00	1.17078	1.17085	1.17078	1.1708	24	3
2026-01-06 11:10:00	1.17078	1.17078	1.17057	1.17057	52	3
2026-01-06 11:11:00	1.17058	1.17059	1.17049	1.17057	36	3
2026-01-06 11:12:00	1.17058	1.17069	1.17053	1.17057	43	3
2026-01-06 11:13:00	1.17055	1.1707	1.17052	1.17068	20	2
2026-01-06 11:14:00	1.17066	1.17077	1.17066	1.1707	41	4
2026-01-06 11:15:00	1.17072	1.17073	1.1707	1.17072	19	4
2026-01-06 11:16:00	1.17071	1.17077	1.17065	1.17075	40	3
2026-01-06 11:17:00	1.17074	1.17074	1.17066	1.17066	39	3
2026-01-06 11:18:00	1.17065	1.1707	1.1706	1.17067	35	3
2026-01-06 11:19:00	1.17064	1.17067	1.17056	1.17056	38	3
2026-01-06 11:20:00	1.17059	1.1706	1.1705	1.1705	21	3
2026-01-06 11:21:00	1.1705	1.17081	1.1705	1.1708	39	3
2026-01-06 11:22:00	1.17082	1.17097	1.17081	1.17097	58	4
2026-01-06 11:23:00	1.17097	1.17099	1.17084	1.17092	78	3
2026-01-06 11:24:00	1.17092	1.17093	1.17089	1.17092	22	3
2026-01-06 11:25:00	1.1709	1.17091	1.17073	1.17081	68	3
2026-01-06 11:26:00	1.17079	1.17086	1.17073	1.17078	57	3
2026-01-06 11:27:00	1.17079	1.17083	1.17072	1.17073	30	3
2026-01-06 11:28:00	1.17075	1.17083	1.17073	1.17081	24	3
2026-01-06 11:29:00	1.17085	1.17095	1.17085	1.17086	54	2
2026-01-06 11:30:00	1.17087	1.17098	1.1708	1.17096	36	3
2026-01-06 11:31:00	1.17096	1.17096	1.17082	1.17087	58	3
2026-01-06 11:32:00	1.17087	1.17094	1.17085	1.17092	43	3
2026-01-06 11:33:00	1.17093	1.17093	1.17081	1.17081	49	3
2026-01-06 11:34:00	1.17081	1.17089	1.17078	1.17089	25	4
2026-01-06 11:35:00	1.1709	1.17098	1.17088	1.17094	39	3
2026-01-06 11:36:00	1.17093	1.17108	1.17092	1.17105	50	3
2026-01-06 11:37:00	1.17106	1.17106	1.17097	1.17097	33	3
2026-01-06 11:38:00	1.17097	1.17097	1.17084	1.17084	34	3
2026-01-06 11:39:00	1.17086	1.17093	1.17086	1.17092	28	3
2026-01-06 11:40:00	1.1709	1.1709	1.17083	1.17084	25	2
2026-01-06 11:41:00	1.17083	1.17088	1.17077	1.17088	31	3
2026-01-06 11:42:00	1.17077	1.17077	1.17071	1.17076	32	3
2026-01-06 11:43:00	1.17077	1.17087	1.17076	1.17081	29	3
2026-01-06 11:44:00	1.17081	1.17091	1.1708	1.17087	32	3
2026-01-06 11:45:00	1.17085	1.17095	1.17085	1.17092	22	3
2026-01-06 11:46:00	1.17093	1.17093	1.17085	1.17088	20	3
2026-01-06 11:47:00	1.17088	1.17089	1.17082	1.17087	29	2
2026-01-06 11:48:00	1.17085	1.17085	1.17072	1.17073	23	3
2026-01-06 11:49:00	1.17073	1.17077	1.17066	1.17067	32	3
2026-01-06 11:50:00	1.17067	1.17072	1.17063	1.17066	33	3
2026-01-06 11:51:00	1.17065	1.17072	1.17064	1.17069	22	3
2026-01-06 11:52:00	1.17069	1.1707	1.17059	1.17068	50	3
2026-01-06 11:53:00	1.17069	1.17079	1.17069	1.17079	21	3
2026-01-06 11:54:00	1.17077	1.17078	1.17067	1.17067	28	3
2026-01-06 11:55:00	1.17067	1.17067	1.17049	1.17059	66	3
2026-01-06 11:56:00	1.17062	1.17062	1.17058	1.17061	26	3
2026-01-06 11:57:00	1.1706	1.17061	1.17052	1.17057	28	3
2026-01-06 11:58:00	1.17055	1.17063	1.17053	1.17062	36	3
2026-01-06 11:59:00	1.17061	1.17063	1.17057	1.17061	45	3
2026-01-06 12:00:00	1.17063	1.17082	1.17063	1.17081	41	3
2026-01-06 12:01:00	1.17079	1.17088	1.17075	1.17088	61	3
2026-01-06 12:02:00	1.17088	1.17098	1.17086	1.17088	37	3
2026-01-06 12:03:00	1.1709	1.17096	1.17089	1.17096	30	3
2026-01-06 12:04:00	1.17095	1.17097	1.17085	1.17086	40	3
2026-01-06 12:05:00	1.17089	1.17098	1.17089	1.17092	58	3
2026-01-06 12:06:00	1.17091	1.17097	1.17088	1.17094	22	3
2026-01-06 12:07:00	1.17093	1.17095	1.17089	1.17093	38	3
2026-01-06 12:08:00	1.17094	1.17102	1.17094	1.171	26	3
2026-01-06 12:09:00	1.171	1.17113	1.171	1.17107	87	3
2026-01-06 12:10:00	1.17106	1.17115	1.17103	1.17114	48	2
2026-01-06 12:11:00	1.17114	1.17114	1.17102	1.17103	19	2
2026-01-06 12:12:00	1.17101	1.17101	1.17091	1.171	31	3
2026-01-06 12:13:00	1.17102	1.17107	1.17099	1.17106	43	3
2026-01-06 12:14:00	1.17106	1.17117	1.17106	1.17117	24	3
2026-01-06 12:15:00	1.17116	1.17121	1.17105	1.17115	67	3
2026-01-06 12:16:00	1.17116	1.1712	1.17111	1.17111	38	3
2026-01-06 12:17:00	1.17109	1.17119	1.17109	1.17118	43	3
2026-01-06 12:18:00	1.17117	1.17119	1.17109	1.1711	37	3
2026-01-06 12:19:00	1.1711	1.17115	1.17101	1.17101	61	2
2026-01-06 12:20:00	1.17099	1.17111	1.17097	1.17104	38	3
2026-01-06 12:21:00	1.17105	1.17106	1.17099	1.17102	17	3
2026-01-06 12:22:00	1.17102	1.1711	1.17102	1.17108	34	3
2026-01-06 12:23:00	1.17106	1.17108	1.17102	1.17106	23	3
2026-01-06 12:24:00	1.17108	1.17108	1.171	1.171	21	3
2026-01-06 12:25:00	1.17099	1.17099	1.17082	1.17087	44	3
2026-01-06 12:26:00	1.17084	1.17085	1.1707	1.17085	31	3
2026-01-06 12:27:00	1.17087	1.17091	1.17072	1.17072	51	3
2026-01-06 12:28:00	1.17073	1.17077	1.17062	1.17066	50	3
2026-01-06 12:29:00	1.17063	1.17071	1.1706	1.17062	58	4
2026-01-06 12:30:00	1.17061	1.17061	1.17048	1.17052	76	4
2026-01-06 12:31:00	1.17051	1.17068	1.17049	1.17067	72	4
2026-01-06 12:32:00	1.17067	1.17071	1.17059	1.17066	66	4
2026-01-06 12:33:00	1.17067	1.17068	1.17061	1.17062	86	4
2026-01-06 12:34:00	1.17062	1.17062	1.17053	1.17056	54	4
2026-01-06 12:35:00	1.17055	1.17074	1.17055	1.17072	97	4
2026-01-06 12:36:00	1.17071	1.17072	1.17067	1.17069	69	4
2026-01-06 12:37:00	1.17068	1.17069	1.17048	1.17051	73	3
2026-01-06 12:38:00	1.17052	1.1706	1.17046	1.17055	79	3
2026-01-06 12:39:00	1.17054	1.1706	1.17047	1.17057	65	3
2026-01-06 12:40:00	1.17057	1.17058	1.17033	1.17036	96	3
2026-01-06 12:41:00	1.17039	1.1704	1.1702	1.1702	111	4
2026-01-06 12:42:00	1.1702	1.17021	1.16996	1.16996	129	3
2026-01-06 12:43:00	1.16996	1.17001	1.16991	1.16995	149	3
2026-01-06 12:44:00	1.16997	1.17027	1.16997	1.17023	110	4
2026-01-06 12:45:00	1.17021	1.17036	1.1702	1.17032	100	4
2026-01-06 12:46:00	1.17034	1.17036	1.17015	1.17016	63	3
2026-01-06 12:47:00	1.17017	1.17017	1.17006	1.17012	61	3
2026-01-06 12:48:00	1.17014	1.17017	1.17009	1.17017	63	3
2026-01-06 12:49:00	1.17016	1.17016	1.17007	1.17011	53	4
2026-01-06 12:50:00	1.17012	1.17031	1.17012	1.17024	101	4
2026-01-06 12:51:00	1.17023	1.17044	1.17019	1.17043	122	4
2026-01-06 12:52:00	1.17045	1.17045	1.17034	1.17037	128	5
2026-01-06 12:53:00	1.17037	1.17037	1.17013	1.17013	120	4
2026-01-06 12:54:00	1.17015	1.1702	1.17008	1.17014	183	5
2026-01-06 12:55:00	1.17014	1.17014	1.16981	1.16986	237	4
2026-01-06 12:56:00	1.16985	1.16986	1.16969	1.1698	137	3
2026-01-06 12:57:00	1.16979	1.17012	1.16979	1.17012	89	4
2026-01-06 12:58:00	1.17012	1.17014	1.17007	1.17007	121	5
2026-01-06 12:59:00	1.17009	1.17014	1.17007	1.17009	64	4
2026-01-06 13:00:00	1.17011	1.17013	1.16975	1.16982	203	5
2026-01-06 13:01:00	1.16984	1.16989	1.1698	1.16987	73	4
2026-01-06 13:02:00	1.16987	1.17005	1.16984	1.16984	116	3
2026-01-06 13:03:00	1.16987	1.16991	1.16972	1.16986	101	3
2026-01-06 13:04:00	1.16988	1.16994	1.16977	1.16994	75	3
2026-01-06 13:05:00	1.16993	1.17013	1.16988	1.17011	115	2
2026-01-06 13:06:00	1.17013	1.17038	1.17011	1.17032	144	3
2026-01-06 13:07:00	1.17031	1.17037	1.17023	1.17034	91	3
2026-01-06 13:08:00	1.17033	1.17051	1.17027	1.17051	98	3
2026-01-06 13:09:00	1.17053	1.17077	1.17052	1.17065	157	3
2026-01-06 13:10:00	1.17068	1.17071	1.17059	1.17065	111	3
2026-01-06 13:11:00	1.17065	1.17065	1.17046	1.17061	96	3
2026-01-06 13:12:00	1.17064	1.17089	1.17064	1.1708	129	3
2026-01-06 13:13:00	1.17081	1.17092	1.17071	1.17085	108	3
2026-01-06 13:14:00	1.17086	1.17086	1.17068	1.1707	120	3
2026-01-06 13:15:00	1.17072	1.17074	1.17053	1.17059	111	3
2026-01-06 13:16:00	1.1706	1.17072	1.17051	1.17051	117	2
2026-01-06 13:17:00	1.17052	1.17054	1.17037	1.17043	85	3
2026-01-06 13:18:00	1.17043	1.1705	1.17041	1.17041	74	3
2026-01-06 13:19:00	1.17043	1.17082	1.17043	1.17081	100	4
2026-01-06 13:20:00	1.17082	1.17083	1.17059	1.17073	118	3
2026-01-06 13:21:00	1.17072	1.17084	1.17062	1.17083	109	3
2026-01-06 13:22:00	1.17084	1.17087	1.17076	1.17078	95	4
2026-01-06 13:23:00	1.17077	1.17077	1.17063	1.17066	101	3
2026-01-06 13:24:00	1.17068	1.1707	1.17058	1.17059	86	3
2026-01-06 13:25:00	1.17059	1.1707	1.17059	1.17061	65	3
2026-01-06 13:26:00	1.17061	1.17076	1.17061	1.17076	77	3
2026-01-06 13:27:00	1.17075	1.17088	1.17069	1.17076	59	3
2026-01-06 13:28:00	1.17078	1.17081	1.17062	1.1707	43	3
2026-01-06 13:29:00	1.17069	1.17069	1.17058	1.17067	65	3
2026-01-06 13:30:00	1.17067	1.17068	1.17058	1.17061	69	3
2026-01-06 13:31:00	1.17061	1.17078	1.1706	1.17074	43	3
2026-01-06 13:32:00	1.17076	1.17085	1.17074	1.17085	77	4
2026-01-06 13:33:00	1.17084	1.17085	1.17077	1.17078	39	3
2026-01-06 13:34:00	1.17081	1.17083	1.17073	1.1708	72	3
2026-01-06 13:35:00	1.17083	1.17105	1.17082	1.17103	114	3
2026-01-06 13:36:00	1.17102	1.17133	1.17101	1.17131	150	3
2026-01-06 13:37:00	1.17131	1.17135	1.17109	1.17113	132	3
2026-01-06 13:38:00	1.17113	1.17116	1.17108	1.17112	93	4
2026-01-06 13:39:00	1.17114	1.1712	1.17108	1.17112	78	3
2026-01-06 13:40:00	1.17113	1.17122	1.17107	1.17113	71	3
2026-01-06 13:41:00	1.17117	1.17118	1.17108	1.17108	77	3
2026-01-06 13:42:00	1.17107	1.17115	1.17107	1.1711	94	4
2026-01-06 13:43:00	1.17108	1.17122	1.17108	1.17117	164	5
2026-01-06 13:44:00	1.17116	1.17122	1.17101	1.17104	129	4
2026-01-06 13:45:00	1.17103	1.17103	1.17086	1.17086	104	4
2026-01-06 13:46:00	1.17088	1.17089	1.1707	1.17079	223	5
2026-01-06 13:47:00	1.17078	1.17081	1.17065	1.17069	244	4
2026-01-06 13:48:00	1.17068	1.17072	1.17056	1.17057	146	5
2026-01-06 13:49:00	1.1706	1.17075	1.17059	1.17071	105	4
2026-01-06 13:50:00	1.1707	1.17072	1.17048	1.17062	172	4
2026-01-06 13:51:00	1.17064	1.17085	1.17064	1.17085	135	4
2026-01-06 13:52:00	1.17085	1.17089	1.17071	1.17075	155	5
2026-01-06 13:53:00	1.17078	1.171	1.17078	1.171	97	4
2026-01-06 13:54:00	1.17098	1.17106	1.17095	1.17105	107	4
2026-01-06 13:55:00	1.17106	1.17121	1.17106	1.17108	127	4
2026-01-06 13:56:00	1.17108	1.17113	1.17101	1.17105	112	4
2026-01-06 13:57:00	1.17107	1.17117	1.17096	1.17111	169	4
2026-01-06 13:58:00	1.1711	1.17111	1.17104	1.17108	163	4
2026-01-06 13:59:00	1.17109	1.17112	1.17102	1.17108	65	4
2026-01-06 14:00:00	1.17109	1.17124	1.17109	1.17122	173	3
2026-01-06 14:01:00	1.17122	1.17143	1.17121	1.17138	138	4
2026-01-06 14:02:00	1.17138	1.17142	1.17132	1.17137	135	4
2026-01-06 14:03:00	1.17136	1.17139	1.17126	1.17129	103	4
2026-01-06 14:04:00	1.1713	1.17142	1.17128	1.17142	107	4
2026-01-06 14:05:00	1.17142	1.17144	1.17129	1.17141	64	3
2026-01-06 14:06:00	1.17142	1.17163	1.1714	1.17157	130	3
2026-01-06 14:07:00	1.17157	1.17169	1.17152	1.17168	89	4
2026-01-06 14:08:00	1.17167	1.17174	1.17158	1.17158	115	4
2026-01-06 14:09:00	1.17159	1.17162	1.17145	1.17154	98	4
2026-01-06 14:10:00	1.17154	1.17163	1.17145	1.17145	60	4
2026-01-06 14:11:00	1.17144	1.17146	1.17125	1.17132	71	4
2026-01-06 14:12:00	1.17135	1.17154	1.17135	1.1715	89	4
2026-01-06 14:13:00	1.1715	1.1715	1.17132	1.17133	50	4
2026-01-06 14:14:00	1.17135	1.17141	1.17134	1.17137	69	3
2026-01-06 14:15:00	1.17136	1.17137	1.17128	1.17131	167	4
2026-01-06 14:16:00	1.17131	1.17131	1.17098	1.17099	113	4
2026-01-06 14:17:00	1.17104	1.17109	1.17096	1.171	133	4
2026-01-06 14:18:00	1.171	1.171	1.17065	1.1707	141	4
2026-01-06 14:19:00	1.17068	1.1708	1.1706	1.17079	138	4
2026-01-06 14:20:00	1.17081	1.1709	1.17068	1.1708	154	4
2026-01-06 14:21:00	1.17079	1.17079	1.17059	1.17066	154	3
2026-01-06 14:22:00	1.17066	1.1707	1.17054	1.17056	84	2
2026-01-06 14:23:00	1.17057	1.17057	1.17036	1.17037	106	3
2026-01-06 14:24:00	1.17036	1.17037	1.17025	1.17027	117	3
2026-01-06 14:25:00	1.17029	1.17033	1.17024	1.17025	61	2
2026-01-06 14:26:00	1.17024	1.17035	1.17024	1.17033	71	4
2026-01-06 14:27:00	1.17036	1.17039	1.1703	1.17035	80	4
2026-01-06 14:28:00	1.17035	1.17045	1.17025	1.17027	118	4
2026-01-06 14:29:00	1.17027	1.17052	1.17025	1.17052	100	3
2026-01-06 14:30:00	1.17053	1.17053	1.17026	1.17027	116	4
2026-01-06 14:31:00	1.17026	1.17053	1.17026	1.17049	106	3
2026-01-06 14:32:00	1.17048	1.17062	1.17046	1.17062	154	4
2026-01-06 14:33:00	1.1706	1.1707	1.17053	1.17055	177	4
2026-01-06 14:34:00	1.17056	1.17083	1.17056	1.17077	88	3
2026-01-06 14:35:00	1.17076	1.1708	1.17063	1.17067	125	3
2026-01-06 14:36:00	1.17066	1.17073	1.1706	1.17062	104	2
2026-01-06 14:37:00	1.17058	1.17058	1.17044	1.17045	71	2
2026-01-06 14:38:00	1.17043	1.17046	1.17037	1.17041	64	3
2026-01-06 14:39:00	1.1704	1.17047	1.17023	1.17023	82	3
2026-01-06 14:40:00	1.17023	1.17023	1.1699	1.17015	168	3
2026-01-06 14:41:00	1.17014	1.17034	1.17014	1.17033	171	3
2026-01-06 14:42:00	1.17033	1.17041	1.17024	1.17037	114	3
2026-01-06 14:43:00	1.17038	1.17079	1.17038	1.17078	143	4
2026-01-06 14:44:00	1.17078	1.17095	1.17078	1.17085	136	4
2026-01-06 14:45:00	1.17085	1.1711	1.17079	1.17105	203	4
2026-01-06 14:46:00	1.17107	1.17109	1.17077	1.17086	172	3
2026-01-06 14:47:00	1.17086	1.17095	1.1707	1.17095	167	3
2026-01-06 14:48:00	1.17097	1.17097	1.17074	1.17074	169	2
2026-01-06 14:49:00	1.17074	1.1709	1.17071	1.17073	131	3
2026-01-06 14:50:00	1.17075	1.17115	1.17065	1.17106	194	3
2026-01-06 14:51:00	1.17105	1.17121	1.17099	1.17105	131	3
2026-01-06 14:52:00	1.17106	1.17125	1.17104	1.17122	65	3
2026-01-06 14:53:00	1.17123	1.17141	1.17123	1.17125	111	3
2026-01-06 14:54:00	1.17125	1.1713	1.17112	1.17127	59	2
2026-01-06 14:55:00	1.17129	1.17131	1.17118	1.17118	110	3
2026-01-06 14:56:00	1.17118	1.1713	1.17117	1.17123	68	3
2026-01-06 14:57:00	1.17119	1.17123	1.17103	1.1711	87	3
2026-01-06 14:58:00	1.17112	1.17114	1.17094	1.17106	128	3
2026-01-06 14:59:00	1.17105	1.17108	1.17085	1.1709	97	3
2026-01-06 15:00:00	1.17089	1.17089	1.17062	1.17075	131	3
2026-01-06 15:01:00	1.17077	1.17082	1.17072	1.17074	140	3
2026-01-06 15:02:00	1.17073	1.17075	1.1705	1.1705	144	3
2026-01-06 15:03:00	1.17051	1.17053	1.17018	1.17021	159	4
2026-01-06 15:04:00	1.17019	1.1702	1.16994	1.17012	130	3
2026-01-06 15:05:00	1.17013	1.17031	1.17003	1.17031	134	3
2026-01-06 15:06:00	1.17029	1.17071	1.17028	1.17068	134	3
2026-01-06 15:07:00	1.1707	1.17078	1.17066	1.17074	128	2
2026-01-06 15:08:00	1.17074	1.17074	1.17016	1.17022	108	3
2026-01-06 15:09:00	1.17021	1.1705	1.17016	1.17047	110	3
2026-01-06 15:10:00	1.17044	1.17044	1.16996	1.16996	130	3
2026-01-06 15:11:00	1.16994	1.17004	1.16967	1.16968	248	4
2026-01-06 15:12:00	1.16968	1.16992	1.16964	1.16992	180	3
2026-01-06 15:13:00	1.16989	1.1699	1.16965	1.16984	143	3
2026-01-06 15:14:00	1.16984	1.16986	1.1695	1.16958	205	2
2026-01-06 15:15:00	1.16955	1.16959	1.16934	1.16956	366	2
2026-01-06 15:16:00	1.16958	1.1697	1.1695	1.16961	356	2
2026-01-06 15:17:00	1.16961	1.16976	1.16951	1.16959	258	3
2026-01-06 15:18:00	1.16958	1.16974	1.16958	1.16969	275	2
2026-01-06 15:19:00	1.16968	1.16969	1.16937	1.16947	272	2
2026-01-06 15:20:00	1.16947	1.16948	1.16912	1.16918	338	3
2026-01-06 15:21:00	1.1692	1.16928	1.16911	1.16924	351	2
2026-01-06 15:22:00	1.16923	1.16926	1.16904	1.1691	245	2
2026-01-06 15:23:00	1.1691	1.16923	1.169	1.16922	240	2
2026-01-06 15:24:00	1.1692	1.16921	1.16893	1.16904	377	2
2026-01-06 15:25:00	1.16904	1.16904	1.16877	1.16892	288	2
2026-01-06 15:26:00	1.16895	1.16907	1.16894	1.16901	287	2
2026-01-06 15:27:00	1.16903	1.16916	1.16901	1.16915	210	2
2026-01-06 15:28:00	1.16914	1.16916	1.16896	1.16903	209	3
2026-01-06 15:29:00	1.16904	1.16904	1.16886	1.16894	278	3
2026-01-06 15:30:00	1.16894	1.16906	1.16886	1.16888	311	4
2026-01-06 15:31:00	1.16889	1.16889	1.1687	1.16887	368	3
2026-01-06 15:32:00	1.16886	1.16909	1.16878	1.16908	224	3
2026-01-06 15:33:00	1.16909	1.16913	1.16882	1.16891	245	3
2026-01-06 15:34:00	1.1689	1.16893	1.16862	1.16878	338	4
2026-01-06 15:35:00	1.16877	1.16877	1.1685	1.16854	149	3
2026-01-06 15:36:00	1.16856	1.16869	1.1685	1.16851	199	3
2026-01-06 15:37:00	1.16852	1.16857	1.1684	1.16851	130	3
2026-01-06 15:38:00	1.1685	1.16866	1.16843	1.16866	202	3
2026-01-06 15:39:00	1.16867	1.16867	1.16851	1.16857	286	3
2026-01-06 15:40:00	1.16857	1.16862	1.16841	1.1685	208	3
2026-01-06 15:41:00	1.16849	1.16858	1.16839	1.16843	239	3
2026-01-06 15:42:00	1.16842	1.16856	1.16838	1.16854	237	3
2026-01-06 15:43:00	1.16853	1.16903	1.16851	1.16903	303	3
2026-01-06 15:44:00	1.16902	1.16915	1.1689	1.16913	281	3
2026-01-06 15:45:00	1.16911	1.16936	1.16902	1.16936	287	3
2026-01-06 15:46:00	1.16935	1.16946	1.16929	1.16939	234	3
2026-01-06 15:47:00	1.1694	1.16948	1.16919	1.16943	249	3
2026-01-06 15:48:00	1.16944	1.16946	1.16932	1.16938	194	2
2026-01-06 15:49:00	1.16938	1.16949	1.16934	1.16939	196	3
2026-01-06 15:50:00	1.16937	1.16937	1.16906	1.16918	164	3
2026-01-06 15:51:00	1.16918	1.1692	1.16907	1.16907	164	3
2026-01-06 15:52:00	1.16906	1.16918	1.16891	1.16918	151	3
2026-01-06 15:53:00	1.16921	1.16933	1.16914	1.16931	140	3
2026-01-06 15:54:00	1.16929	1.16929	1.16907	1.16912	142	3
2026-01-06 15:55:00	1.16911	1.16911	1.16879	1.16879	226	3
2026-01-06 15:56:00	1.16881	1.16883	1.16871	1.16878	155	3
2026-01-06 15:57:00	1.1688	1.16952	1.16879	1.16941	290	2
2026-01-06 15:58:00	1.16942	1.16963	1.1694	1.16942	280	3
2026-01-06 15:59:00	1.16941	1.16953	1.16937	1.16952	137	3