Time Open,Open Price,Time Close,Close Price,Take Profit Price,Stop Loss Price,Profit
9/23/2024 20:30,1.11089,9/24/2024 2:30,1.11055,1.10839007,1.1117899999999998,37.77777777777855
9/24/2024 4:00,1.11161,9/24/2024 6:00,1.11071,1.11410993,1.11071,-99.99999999998899
9/24/2024 14:00,1.11626,9/24/2024 14:30,1.1153600000000001,1.11875993,1.1153600000000001,-99.99999999998899
9/24/2024 20:30,1.11814,9/25/2024 2:30,1.11947,1.1206399299999998,1.11724,147.7777777777837
9/25/2024 3:00,1.11999,9/25/2024 6:00,1.1190900000000001,1.12248993,1.1190900000000001,-99.99999999998899
9/25/2024 12:30,1.11996,9/25/2024 14:00,1.1190600000000002,1.12245993,1.1190600000000002,-99.99999999998899
9/26/2024 0:00,1.1138299999999999,9/26/2024 6:00,1.11522,1.1163299299999998,1.11293,154.4444444444694
9/26/2024 6:30,1.11554,9/26/2024 7:30,1.11464,1.11803993,1.11464,-99.99999999998899
9/27/2024 0:00,1.11693,9/27/2024 6:00,1.11711,1.11443007,1.1178299999999999,-20.000000000007667
9/27/2024 6:30,1.11489,9/27/2024 9:30,1.1157899999999998,1.11239007,1.1157899999999998,-99.99999999998899
9/29/2024 22:00,1.11727,9/30/2024 1:30,1.11637,1.11976993,1.11637,-99.99999999998899
9/30/2024 7:30,1.11742,9/30/2024 8:30,1.11991993,1.11991993,1.1165200000000002,277.769999999992
9/30/2024 14:00,1.11431,9/30/2024 14:30,1.1152099999999998,1.11181007,1.1152099999999998,-99.99999999998899
10/1/2024 1:30,1.1145,10/1/2024 2:30,1.1136000000000001,1.11699993,1.1136000000000001,-99.99999999998899
10/1/2024 8:00,1.11094,10/1/2024 8:30,1.11184,1.10844007,1.11184,-99.99999999998899
10/1/2024 16:30,1.10523,10/1/2024 17:30,1.1061299999999998,1.10273007,1.1061299999999998,-99.99999999998899
10/1/2024 23:30,1.1062400000000001,10/2/2024 0:30,1.10714,1.1037400700000002,1.10714,-99.99999999998899
10/2/2024 8:00,1.1080699999999999,10/2/2024 8:30,1.10717,1.1105699299999998,1.10717,-99.99999999998899
10/2/2024 14:30,1.10341,10/2/2024 15:00,1.10431,1.10091007,1.10431,-99.99999999998899
10/3/2024 3:00,1.10315,10/3/2024 6:30,1.10405,1.1006500700000001,1.10405,-99.99999999998899
10/3/2024 14:30,1.1015,10/3/2024 15:30,1.1023999999999998,1.09900007,1.1023999999999998,-99.99999999998899
10/4/2024 0:00,1.1039999999999999,10/4/2024 1:30,1.1031,1.1064999299999998,1.1031,-99.99999999998899
10/4/2024 8:00,1.10223,10/4/2024 10:30,1.10313,1.0997300700000001,1.10313,-99.99999999998899
10/7/2024 5:00,1.09624,10/7/2024 6:30,1.09714,1.0937400700000002,1.09714,-99.99999999998899
10/7/2024 18:30,1.0967,10/7/2024 22:00,1.0976,1.09420007,1.0976,-99.99999999998899
10/8/2024 7:30,1.09971,10/8/2024 8:00,1.09881,1.10220993,1.09881,-99.99999999998899
10/8/2024 14:30,1.09688,10/8/2024 19:30,1.09778,1.0943800700000001,1.09778,-99.99999999998899
10/8/2024 22:30,1.09827,10/9/2024 0:30,1.0973700000000002,1.10076993,1.0973700000000002,-99.99999999998899
10/9/2024 7:00,1.09561,10/9/2024 7:30,1.0965099999999999,1.09311007,1.0965099999999999,-99.99999999998899
10/9/2024 17:00,1.09357,10/9/2024 23:00,1.09394,1.09107007,1.0944699999999998,-41.111111111109054
10/10/2024 7:00,1.09334,10/10/2024 7:30,1.0942399999999999,1.09084007,1.0942399999999999,-99.99999999998899
10/10/2024 19:30,1.09364,10/10/2024 21:00,1.09274,1.0961399299999999,1.09274,-99.99999999998899
10/11/2024 3:00,1.09416,10/11/2024 5:30,1.0932600000000001,1.09665993,1.0932600000000001,-99.99999999998899
10/11/2024 11:00,1.09266,10/11/2024 12:00,1.0935599999999999,1.09016007,1.0935599999999999,-99.99999999998899
10/11/2024 19:30,1.09312,10/14/2024 1:30,1.09232,1.0906200700000002,1.09402,88.88888888890376
10/14/2024 9:00,1.09367,10/14/2024 9:30,1.09277,1.0961699299999998,1.09277,-99.99999999998899
10/14/2024 16:00,1.08997,10/14/2024 20:30,1.09087,1.0874700700000002,1.09087,-99.99999999998899
10/14/2024 23:00,1.09118,10/15/2024 2:30,1.0902800000000001,1.09367993,1.0902800000000001,-99.99999999998899
10/15/2024 8:00,1.09067,10/15/2024 11:00,1.0897700000000001,1.09316993,1.0897700000000001,-99.99999999998899
10/15/2024 16:00,1.08929,10/15/2024 22:00,1.08901,1.0867900700000002,1.09019,31.111111111117555
10/15/2024 23:30,1.08812,10/16/2024 1:30,1.0890199999999999,1.08562007,1.0890199999999999,-99.99999999998899
10/16/2024 6:00,1.08792,10/16/2024 9:00,1.08882,1.08542007,1.08882,-99.99999999998899
10/16/2024 14:00,1.08735,10/16/2024 20:00,1.08591,1.08485007,1.08825,160.000000000012
10/17/2024 3:00,1.08519,10/17/2024 9:00,1.08523,1.0826900700000002,1.08609,-4.444444444424218
10/17/2024 9:30,1.0860699999999999,10/17/2024 12:30,1.08517,1.0885699299999998,1.08517,-99.99999999998899
10/18/2024 1:30,1.08369,10/18/2024 7:30,1.08409,1.08618993,1.0827900000000001,44.444444444439554
10/18/2024 12:30,1.08611,10/18/2024 13:30,1.08521,1.0886099299999998,1.08521,-99.99999999998899
10/18/2024 20:00,1.08709,10/20/2024 21:00,1.08619,1.0895899299999998,1.08619,-99.99999999998899
10/21/2024 4:30,1.08567,10/21/2024 10:30,1.08474,1.08317007,1.0865699999999998,103.33333333331949
10/21/2024 14:00,1.08384,10/21/2024 18:30,1.08134007,1.08134007,1.0847399999999998,277.769999999992
10/22/2024 1:00,1.08215,10/22/2024 7:00,1.08279,1.0846499299999999,1.08125,71.11111111110822
10/22/2024 7:30,1.08386,10/22/2024 8:30,1.0829600000000001,1.08635993,1.0829600000000001,-99.99999999998899
10/22/2024 18:30,1.07979,10/23/2024 0:30,1.07952,1.07729007,1.08069,29.999999999999165
10/23/2024 2:30,1.0806499999999999,10/23/2024 6:00,1.07975,1.0831499299999998,1.07975,-99.99999999998899
10/23/2024 10:30,1.07754,10/23/2024 15:00,1.0784399999999998,1.07504007,1.0784399999999998,-99.99999999998899
10/24/2024 0:30,1.07907,10/24/2024 2:00,1.07817,1.08156993,1.07817,-99.99999999998899
10/24/2024 7:00,1.07708,10/24/2024 7:30,1.07798,1.07458007,1.07798,-99.99999999998899
10/24/2024 17:00,1.08237,10/24/2024 23:00,1.08238,1.08486993,1.0814700000000002,1.1111111110937186
10/25/2024 6:00,1.08163,10/25/2024 7:30,1.08253,1.0791300700000002,1.08253,-99.99999999998899
10/25/2024 12:30,1.08404,10/25/2024 13:00,1.08314,1.0865399299999998,1.08314,-99.99999999998899
10/25/2024 19:00,1.07936,10/28/2024 1:00,1.07938,1.0768600700000002,1.08026,-2.222222222212109
10/28/2024 3:30,1.07808,10/28/2024 6:00,1.0789799999999998,1.07558007,1.0789799999999998,-99.99999999998899
10/28/2024 12:00,1.08256,10/28/2024 12:30,1.08166,1.08505993,1.08166,-99.99999999998899
10/29/2024 3:00,1.08079,10/29/2024 8:00,1.0816899999999998,1.07829007,1.0816899999999998,-99.99999999998899
10/29/2024 11:00,1.0796000000000001,10/29/2024 13:00,1.0771000700000002,1.0771000700000002,1.0805,277.769999999992
10/29/2024 18:30,1.08154,10/30/2024 0:30,1.08218,1.0840399299999999,1.08064,71.11111111110822
10/30/2024 3:30,1.08121,10/30/2024 6:00,1.08211,1.07871007,1.08211,-99.99999999998899
10/31/2024 0:30,1.08514,10/31/2024 6:30,1.08517,1.08264007,1.08604,-3.3333333333304993
10/31/2024 7:30,1.08609,10/31/2024 8:00,1.08519,1.08858993,1.08519,-99.99999999998899
10/31/2024 19:30,1.08793,11/1/2024 1:30,1.08798,1.09042993,1.0870300000000002,5.555555555542608
11/1/2024 3:00,1.0874300000000001,11/1/2024 9:00,1.08591,1.0849300700000002,1.08833,168.88888888890978
11/1/2024 10:00,1.08537,11/1/2024 11:00,1.0862699999999998,1.08287007,1.0862699999999998,-99.99999999998899
11/1/2024 20:00,1.08303,11/3/2024 22:00,1.0839299999999998,1.08053007,1.0839299999999998,-99.99999999998899
11/4/2024 3:30,1.09035,11/4/2024 5:00,1.08945,1.0928499299999999,1.08945,-99.99999999998899
11/4/2024 11:30,1.09154,11/4/2024 12:00,1.09064,1.0940399299999999,1.09064,-99.99999999998899
11/4/2024 20:30,1.08736,11/5/2024 2:30,1.08773,1.0848600700000002,1.08826,-41.111111111109054
11/5/2024 6:30,1.08828,11/5/2024 12:30,1.08957,1.0907799299999998,1.08738,143.33333333333482
11/5/2024 14:00,1.09093,11/5/2024 15:00,1.09003,1.0934299299999999,1.09003,-99.99999999998899
11/5/2024 23:00,1.0915300000000001,11/5/2024 23:30,1.09243,1.0890300700000002,1.09243,-99.99999999998899
11/7/2024 0:30,1.0719,11/7/2024 1:00,1.0728,1.0694000700000001,1.0728,-99.99999999998899
11/7/2024 7:00,1.0766499999999999,11/7/2024 7:30,1.07575,1.0791499299999998,1.07575,-99.99999999998899
11/8/2024 3:30,1.07761,11/8/2024 5:00,1.0785099999999999,1.07511007,1.0785099999999999,-99.99999999998899
11/8/2024 11:00,1.07967,11/8/2024 11:30,1.07877,1.0821699299999998,1.07877,-99.99999999998899
11/11/2024 1:00,1.0727,11/11/2024 3:30,1.0718,1.07519993,1.0718,-99.99999999998899
11/11/2024 7:30,1.0687900000000001,11/11/2024 11:00,1.0662900700000002,1.0662900700000002,1.06969,277.769999999992
11/11/2024 21:00,1.06595,11/12/2024 1:30,1.06505,1.0684499299999999,1.06505,-99.99999999998899
11/12/2024 3:30,1.06362,11/12/2024 4:30,1.06452,1.06112007,1.06452,-99.99999999998899
11/12/2024 10:00,1.06133,11/12/2024 11:00,1.06223,1.0588300700000002,1.06223,-99.99999999998899
11/12/2024 16:30,1.0596,11/12/2024 17:30,1.0605,1.0571000700000002,1.0605,-99.99999999998899
11/13/2024 1:30,1.0629899999999999,11/13/2024 3:30,1.06209,1.0654899299999998,1.06209,-99.99999999998899
11/13/2024 8:00,1.05987,11/13/2024 8:30,1.06077,1.0573700700000002,1.06077,-99.99999999998899
11/14/2024 1:30,1.05541,11/14/2024 7:30,1.0551,1.05291007,1.0563099999999999,34.44444444444805
11/14/2024 9:00,1.05214,11/14/2024 11:00,1.0496400700000001,1.0496400700000001,1.05304,277.769999999992
11/14/2024 20:00,1.05275,11/15/2024 1:00,1.05365,1.0502500700000001,1.05365,-99.99999999998899
11/15/2024 3:00,1.05454,11/15/2024 6:00,1.0536400000000001,1.05703993,1.0536400000000001,-99.99999999998899
11/15/2024 13:00,1.0586,11/15/2024 13:30,1.0577,1.06109993,1.0577,-99.99999999998899
11/15/2024 20:00,1.05212,11/15/2024 21:30,1.0530199999999998,1.04962007,1.0530199999999998,-99.99999999998899
11/18/2024 8:00,1.05556,11/18/2024 8:30,1.0546600000000002,1.05805993,1.0546600000000002,-99.99999999998899
11/18/2024 18:30,1.05992,11/18/2024 19:30,1.05902,1.06241993,1.05902,-99.99999999998899
11/19/2024 4:30,1.0585,11/19/2024 6:30,1.0594,1.05600007,1.0594,-99.99999999998899
11/19/2024 23:00,1.06018,11/20/2024 3:30,1.05928,1.0626799299999998,1.05928,-99.99999999998899
11/20/2024 5:30,1.0585,11/20/2024 6:30,1.0594,1.05600007,1.0594,-99.99999999998899
11/20/2024 14:00,1.05356,11/20/2024 16:00,1.0510600700000001,1.0510600700000001,1.05446,277.769999999992
11/20/2024 21:30,1.0545499999999999,11/21/2024 3:30,1.0553,1.0570499299999998,1.05365,83.3333333333365
11/21/2024 7:00,1.05307,11/21/2024 8:30,1.0539699999999999,1.05057007,1.0539699999999999,-99.99999999998899
11/21/2024 15:30,1.05083,11/21/2024 16:00,1.04833007,1.04833007,1.0517299999999998,277.769999999992
11/21/2024 23:30,1.0467,11/22/2024 1:00,1.0475999999999999,1.04420007,1.0475999999999999,-99.99999999998899
11/22/2024 7:00,1.04814,11/22/2024 8:00,1.0472400000000002,1.05063993,1.0472400000000002,-99.99999999998899
11/24/2024 22:00,1.04677,11/24/2024 23:00,1.04926993,1.04926993,1.04587,277.769999999992
11/25/2024 7:00,1.04685,11/25/2024 9:00,1.04775,1.0443500700000001,1.04775,-99.99999999998899
11/25/2024 23:30,1.04417,11/26/2024 0:00,1.04507,1.0416700700000001,1.04507,-99.99999999998899
11/26/2024 8:30,1.04932,11/26/2024 9:00,1.05181993,1.05181993,1.0484200000000001,277.769999999992
11/26/2024 21:00,1.04909,11/27/2024 2:30,1.0481900000000002,1.05158993,1.0481900000000002,-99.99999999998899
11/27/2024 5:30,1.04748,11/27/2024 6:00,1.0483799999999999,1.04498007,1.0483799999999999,-99.99999999998899
11/27/2024 13:30,1.05746,11/27/2024 14:00,1.0565600000000002,1.05995993,1.0565600000000002,-99.99999999998899
11/28/2024 0:30,1.05497,11/28/2024 1:30,1.0558699999999999,1.05247007,1.0558699999999999,-99.99999999998899
11/28/2024 23:00,1.0561099999999999,11/29/2024 5:00,1.05722,1.0586099299999998,1.05521,123.33333333335183
11/29/2024 6:30,1.0582099999999999,11/29/2024 8:00,1.05731,1.0607099299999998,1.05731,-99.99999999998899
11/29/2024 18:00,1.0574299999999999,12/1/2024 22:30,1.05653,1.0599299299999998,1.05653,-99.99999999998899
12/2/2024 7:30,1.05007,12/2/2024 8:00,1.05097,1.0475700700000001,1.05097,-99.99999999998899
12/2/2024 20:00,1.05112,12/2/2024 20:30,1.0502200000000002,1.05361993,1.0502200000000002,-99.99999999998899
12/3/2024 7:00,1.05046,12/3/2024 9:00,1.0529599299999999,1.0529599299999999,1.04956,277.769999999992
12/3/2024 15:00,1.0492000000000001,12/3/2024 15:30,1.0501,1.0467000700000002,1.0501,-99.99999999998899
12/4/2024 0:30,1.04971,12/4/2024 1:00,1.0506099999999998,1.04721007,1.0506099999999998,-99.99999999998899
12/4/2024 15:00,1.05371,12/4/2024 15:30,1.05281,1.0562099299999999,1.05281,-99.99999999998899
12/5/2024 2:00,1.05188,12/5/2024 8:00,1.0543799299999999,1.0543799299999999,1.05098,277.769999999992
12/5/2024 13:30,1.0569,12/5/2024 15:00,1.056,1.0593999299999999,1.056,-99.99999999998899
12/6/2024 1:00,1.05709,12/6/2024 3:00,1.05799,1.0545900700000002,1.05799,-99.99999999998899
12/6/2024 7:30,1.05856,12/6/2024 8:30,1.05766,1.0610599299999999,1.05766,-99.99999999998899
12/9/2024 1:30,1.05498,12/9/2024 7:30,1.05588,1.05248007,1.05588,-99.99999999998899
12/9/2024 8:30,1.05694,12/9/2024 12:30,1.05604,1.05943993,1.05604,-99.99999999998899
12/9/2024 15:30,1.05931,12/9/2024 16:00,1.05841,1.06180993,1.05841,-99.99999999998899
12/10/2024 5:30,1.05639,12/10/2024 7:30,1.05549,1.0588899299999999,1.05549,-99.99999999998899
12/10/2024 15:00,1.0500800000000001,12/10/2024 15:30,1.05098,1.0475800700000002,1.05098,-99.99999999998899
12/10/2024 23:00,1.05335,12/11/2024 4:30,1.05245,1.05584993,1.05245,-99.99999999998899
12/11/2024 7:00,1.05049,12/11/2024 12:00,1.0513899999999998,1.04799007,1.0513899999999998,-99.99999999998899
12/11/2024 13:30,1.05261,12/11/2024 14:00,1.0517100000000001,1.05510993,1.0517100000000001,-99.99999999998899
12/11/2024 23:00,1.05024,12/12/2024 5:00,1.05062,1.05273993,1.0493400000000002,42.222222222227444
12/12/2024 6:30,1.0515999999999999,12/12/2024 8:30,1.0507,1.0540999299999998,1.0507,-99.99999999998899
12/12/2024 13:00,1.0479,12/12/2024 13:30,1.0488,1.0454000700000001,1.0488,-99.99999999998899
12/13/2024 0:30,1.04813,12/13/2024 1:00,1.04723,1.05062993,1.04723,-99.99999999998899
12/13/2024 9:30,1.04891,12/13/2024 12:30,1.05140993,1.05140993,1.04801,277.769999999992
12/15/2024 22:00,1.04841,12/15/2024 22:30,1.04931,1.0459100700000001,1.04931,-99.99999999998899
12/16/2024 7:30,1.05028,12/16/2024 8:00,1.05118,1.0477800700000002,1.05118,-99.99999999998899
12/16/2024 14:30,1.04805,12/16/2024 15:00,1.0489499999999998,1.04555007,1.0489499999999998,-99.99999999998899
12/17/2024 0:30,1.05307,12/17/2024 1:00,1.05217,1.0555699299999999,1.05217,-99.99999999998899
12/17/2024 8:00,1.04902,12/17/2024 12:30,1.04992,1.0465200700000001,1.04992,-99.99999999998899
12/17/2024 19:00,1.04862,12/17/2024 23:30,1.04952,1.0461200700000002,1.04952,-99.99999999998899
12/18/2024 6:00,1.05081,12/18/2024 7:30,1.0499100000000001,1.05330993,1.0499100000000001,-99.99999999998899
12/18/2024 15:30,1.04718,12/18/2024 16:00,1.04808,1.04468007,1.04808,-99.99999999998899
12/19/2024 2:30,1.0392,12/19/2024 3:00,1.0383,1.0416999299999998,1.0383,-99.99999999998899
12/19/2024 9:00,1.0421799999999999,12/19/2024 9:30,1.04128,1.0446799299999998,1.04128,-99.99999999998899
12/19/2024 15:30,1.03779,12/19/2024 21:30,1.03605,1.03529007,1.03869,193.33333333334164
12/20/2024 6:30,1.0376699999999999,12/20/2024 12:30,1.03895,1.0401699299999998,1.03677,142.2222222222411
12/20/2024 13:30,1.04093,12/20/2024 14:00,1.04003,1.0434299299999998,1.04003,-99.99999999998899
12/23/2024 7:00,1.04302,12/23/2024 10:00,1.0405200700000001,1.0405200700000001,1.04392,277.769999999992
12/24/2024 3:00,1.03933,12/24/2024 8:30,1.04023,1.0368300700000002,1.04023,-99.99999999998899
12/24/2024 14:00,1.0409,12/24/2024 15:00,1.04,1.0433999299999999,1.04,-99.99999999998899
12/24/2024 20:30,1.04015,12/24/2024 21:00,1.03925,1.0426499299999998,1.03925,-99.99999999998899
12/26/2024 0:00,1.03921,12/26/2024 3:00,1.0401099999999999,1.03671007,1.0401099999999999,-99.99999999998899
12/26/2024 7:00,1.03907,12/26/2024 7:30,1.0399699999999998,1.03657007,1.0399699999999998,-99.99999999998899
12/26/2024 15:00,1.04119,12/26/2024 21:00,1.04209,1.04368993,1.0402900000000002,99.99999999998899
12/27/2024 1:30,1.04111,12/27/2024 7:30,1.0420099999999999,1.03861007,1.0420099999999999,-99.99999999998899
12/27/2024 11:00,1.04308,12/27/2024 15:00,1.04218,1.04557993,1.04218,-99.99999999998899
12/29/2024 23:00,1.04338,12/30/2024 2:00,1.04248,1.04587993,1.04248,-99.99999999998899
12/30/2024 8:00,1.04175,12/30/2024 9:30,1.0426499999999999,1.03925007,1.0426499999999999,-99.99999999998899
12/31/2024 1:00,1.04125,12/31/2024 5:30,1.04035,1.04374993,1.04035,-99.99999999998899
12/31/2024 8:30,1.04203,12/31/2024 10:00,1.04113,1.04452993,1.04113,-99.99999999998899
1/2/2025 2:00,1.0365,1/2/2025 8:00,1.0356,1.03899993,1.0356,-99.99999999998899
1/2/2025 10:30,1.03148,1/2/2025 11:00,1.0323799999999999,1.02898007,1.0323799999999999,-99.99999999998899
1/3/2025 0:30,1.02749,1/3/2025 5:00,1.0265900000000001,1.02998993,1.0265900000000001,-99.99999999998899
1/3/2025 9:00,1.02982,1/3/2025 9:30,1.02892,1.0323199299999999,1.02892,-99.99999999998899
1/3/2025 21:00,1.0309599999999999,1/5/2025 22:30,1.03006,1.0334599299999998,1.03006,-99.99999999998899
1/6/2025 7:00,1.03211,1/6/2025 8:30,1.03460993,1.03460993,1.0312100000000002,277.769999999992
1/7/2025 0:00,1.03752,1/7/2025 0:30,1.03842,1.03502007,1.03842,-99.99999999998899
1/7/2025 7:00,1.04147,1/7/2025 8:00,1.04057,1.0439699299999998,1.04057,-99.99999999998899
1/7/2025 20:30,1.03423,1/8/2025 1:30,1.0351299999999999,1.03173007,1.0351299999999999,-99.99999999998899
1/8/2025 5:00,1.03568,1/8/2025 6:30,1.03478,1.0381799299999999,1.03478,-99.99999999998899
1/8/2025 16:30,1.03145,1/8/2025 17:00,1.03055,1.03394993,1.03055,-99.99999999998899
1/9/2025 6:00,1.02992,1/9/2025 6:30,1.0308199999999998,1.02742007,1.0308199999999998,-99.99999999998899
1/10/2025 0:00,1.02923,1/10/2025 1:00,1.03013,1.0267300700000002,1.03013,-99.99999999998899
1/10/2025 6:30,1.02797,1/10/2025 7:00,1.02887,1.0254700700000001,1.02887,-99.99999999998899
1/10/2025 13:30,1.02543,1/10/2025 14:00,1.02633,1.0229300700000001,1.02633,-99.99999999998899
1/13/2025 3:00,1.02258,1/13/2025 9:00,1.0200800700000001,1.0200800700000001,1.02348,277.769999999992
1/13/2025 21:00,1.02243,1/13/2025 22:00,1.0249299299999999,1.0249299299999999,1.02153,277.769999999992
1/14/2025 7:00,1.02601,1/14/2025 7:30,1.0251100000000002,1.02850993,1.0251100000000002,-99.99999999998899
1/14/2025 15:30,1.02969,1/14/2025 16:00,1.02879,1.03218993,1.02879,-99.99999999998899
1/15/2025 2:30,1.0295,1/15/2025 5:00,1.0304,1.0270000700000002,1.0304,-99.99999999998899
1/15/2025 13:30,1.03464,1/15/2025 14:00,1.03374,1.03713993,1.03374,-99.99999999998899
1/16/2025 5:30,1.02804,1/16/2025 6:30,1.02894,1.0255400700000001,1.02894,-99.99999999998899
1/16/2025 12:00,1.02724,1/16/2025 13:30,1.0281399999999998,1.02474007,1.0281399999999998,-99.99999999998899
1/17/2025 4:30,1.02916,1/17/2025 9:00,1.03006,1.0266600700000001,1.03006,-99.99999999998899
1/17/2025 11:00,1.03095,1/17/2025 11:30,1.0300500000000001,1.03344993,1.0300500000000001,-99.99999999998899
1/17/2025 21:00,1.02699,1/19/2025 22:00,1.02789,1.0244900700000001,1.02789,-99.99999999998899
1/20/2025 3:30,1.03082,1/20/2025 9:30,1.03061,1.03331993,1.0299200000000002,-23.333333333338167
1/20/2025 11:30,1.0328,1/20/2025 12:00,1.0319,1.0352999299999999,1.0319,-99.99999999998899
1/21/2025 8:00,1.03611,1/21/2025 13:30,1.03701,1.0336100700000002,1.03701,-99.99999999998899
1/21/2025 23:00,1.0405,1/22/2025 0:00,1.0413999999999999,1.03800007,1.0413999999999999,-99.99999999998899
1/22/2025 6:30,1.04016,1/22/2025 7:00,1.0410599999999999,1.03766007,1.0410599999999999,-99.99999999998899
1/22/2025 21:00,1.04083,1/23/2025 3:00,1.04067,1.03833007,1.0417299999999998,17.777777777770886
1/23/2025 7:00,1.03936,1/23/2025 9:00,1.04026,1.0368600700000001,1.04026,-99.99999999998899
1/24/2025 2:00,1.04375,1/24/2025 6:30,1.0462499299999999,1.0462499299999999,1.04285,277.769999999992
1/24/2025 15:00,1.05039,1/24/2025 18:30,1.04949,1.0528899299999999,1.04949,-99.99999999998899
1/26/2025 22:00,1.04812,1/27/2025 4:00,1.04632,1.04562007,1.0490199999999998,200.00000000000267
1/27/2025 8:30,1.04893,1/27/2025 9:00,1.04803,1.0514299299999998,1.04803,-99.99999999998899
1/27/2025 16:30,1.0488600000000001,1/27/2025 22:30,1.04883,1.0463600700000002,1.04976,3.3333333333551707
1/27/2025 23:00,1.04434,1/27/2025 23:30,1.04524,1.0418400700000001,1.04524,-99.99999999998899
1/28/2025 8:30,1.04231,1/28/2025 9:00,1.04321,1.0398100700000001,1.04321,-99.99999999998899
1/29/2025 3:00,1.04379,1/29/2025 7:00,1.04289,1.04628993,1.04289,-99.99999999998899
1/29/2025 9:30,1.0401500000000001,1/29/2025 15:00,1.04105,1.0376500700000002,1.04105,-99.99999999998899
1/30/2025 6:00,1.04124,1/30/2025 7:30,1.0421399999999998,1.03874007,1.0421399999999998,-99.99999999998899
1/30/2025 13:30,1.0458399999999999,1/30/2025 14:00,1.04494,1.0483399299999998,1.04494,-99.99999999998899
1/30/2025 20:30,1.04053,1/31/2025 1:00,1.03803007,1.03803007,1.0414299999999999,277.769999999992
1/31/2025 7:00,1.04055,1/31/2025 7:30,1.0396500000000002,1.04304993,1.0396500000000002,-99.99999999998899
1/31/2025 15:30,1.03982,1/31/2025 16:00,1.03892,1.04231993,1.03892,-99.99999999998899
2/4/2025 4:30,1.03037,2/4/2025 5:00,1.02787007,1.02787007,1.03127,277.769999999992
2/4/2025 14:00,1.03515,2/4/2025 15:00,1.03764993,1.03764993,1.0342500000000001,277.769999999992
2/4/2025 23:30,1.03692,2/5/2025 0:30,1.03782,1.0344200700000001,1.03782,-99.99999999998899
2/5/2025 6:00,1.03951,2/5/2025 6:30,1.03861,1.0420099299999999,1.03861,-99.99999999998899
2/5/2025 19:30,1.04049,2/6/2025 1:30,1.04023,1.03799007,1.0413899999999998,28.888888888880775
2/6/2025 2:00,1.03918,2/6/2025 8:00,1.03668007,1.03668007,1.04008,277.769999999992
2/6/2025 17:00,1.03806,2/6/2025 23:00,1.03847,1.04055993,1.03716,45.555555555557945
2/7/2025 0:30,1.03755,2/7/2025 1:30,1.0384499999999999,1.03505007,1.0384499999999999,-99.99999999998899
2/7/2025 7:30,1.03911,2/7/2025 10:30,1.03821,1.04160993,1.03821,-99.99999999998899
2/10/2025 5:00,1.03227,2/10/2025 5:30,1.0313700000000001,1.03476993,1.0313700000000001,-99.99999999998899
2/10/2025 14:00,1.03043,2/10/2025 15:00,1.0313299999999999,1.02793007,1.0313299999999999,-99.99999999998899
2/10/2025 23:00,1.02977,2/11/2025 5:00,1.03035,1.0272700700000001,1.03067,-64.44444444444721
2/11/2025 6:00,1.03107,2/11/2025 7:00,1.03017,1.0335699299999999,1.03017,-99.99999999998899
2/11/2025 14:00,1.0332299999999999,2/11/2025 19:30,1.0357299299999998,1.0357299299999998,1.03233,277.769999999992
2/12/2025 7:30,1.03777,2/12/2025 8:30,1.0368700000000002,1.04026993,1.0368700000000002,-99.99999999998899
2/13/2025 2:00,1.0404499999999999,2/13/2025 4:00,1.0429499299999998,1.0429499299999998,1.03955,277.769999999992
2/13/2025 11:30,1.04009,2/13/2025 13:30,1.03759007,1.03759007,1.0409899999999999,277.769999999992
2/14/2025 5:00,1.0448600000000001,2/14/2025 6:00,1.04576,1.0423600700000002,1.04576,-99.99999999998899
2/14/2025 13:30,1.049,2/14/2025 19:30,1.04984,1.0514999299999999,1.0481,93.33333333335267
2/16/2025 22:00,1.04843,2/16/2025 23:00,1.0493299999999999,1.04593007,1.0493299999999999,-99.99999999998899
2/17/2025 7:30,1.04804,2/17/2025 13:30,1.04741,1.0455400700000002,1.04894,70.0000000000145
2/18/2025 1:00,1.0462500000000001,2/18/2025 3:30,1.04715,1.0437500700000002,1.04715,-99.99999999998899
2/18/2025 12:00,1.04518,2/18/2025 15:30,1.04608,1.04268007,1.04608,-99.99999999998899
2/18/2025 22:30,1.04525,2/19/2025 0:00,1.0443500000000001,1.04774993,1.0443500000000001,-99.99999999998899
2/19/2025 5:30,1.04581,2/19/2025 7:30,1.04491,1.0483099299999998,1.04491,-99.99999999998899
2/19/2025 16:00,1.04046,2/19/2025 16:30,1.0413599999999998,1.03796007,1.0413599999999998,-99.99999999998899
2/20/2025 2:30,1.04374,2/20/2025 3:00,1.04284,1.0462399299999998,1.04284,-99.99999999998899
2/20/2025 13:00,1.04522,2/20/2025 14:00,1.0443200000000001,1.04771993,1.0443200000000001,-99.99999999998899
2/20/2025 23:00,1.05057,2/21/2025 0:00,1.04967,1.05306993,1.04967,-99.99999999998899
2/21/2025 8:00,1.04689,2/21/2025 8:30,1.04779,1.0443900700000002,1.04779,-99.99999999998899
2/21/2025 14:30,1.04827,2/21/2025 15:00,1.0473700000000001,1.05076993,1.0473700000000001,-99.99999999998899
2/23/2025 22:30,1.04747,2/24/2025 0:30,1.0499699299999998,1.0499699299999998,1.04657,277.769999999992
2/24/2025 7:30,1.04889,2/24/2025 11:30,1.0463900700000002,1.0463900700000002,1.04979,277.769999999992
2/24/2025 16:30,1.04795,2/24/2025 17:00,1.04705,1.0504499299999999,1.04705,-99.99999999998899
2/24/2025 23:30,1.0459100000000001,2/25/2025 2:00,1.04681,1.0434100700000002,1.04681,-99.99999999998899
2/25/2025 7:30,1.0462,2/25/2025 8:00,1.0471,1.04370007,1.0471,-99.99999999998899
2/25/2025 23:00,1.0522,2/26/2025 2:00,1.0513000000000001,1.05469993,1.0513000000000001,-99.99999999998899
2/26/2025 5:30,1.04892,2/26/2025 7:00,1.04982,1.0464200700000001,1.04982,-99.99999999998899
2/26/2025 12:30,1.04745,2/26/2025 13:00,1.04835,1.04495007,1.04835,-99.99999999998899
2/27/2025 0:30,1.04751,2/27/2025 6:30,1.04715,1.04501007,1.0484099999999998,39.99999999999066
2/27/2025 9:30,1.04861,2/27/2025 10:00,1.0477100000000001,1.05110993,1.0477100000000001,-99.99999999998899
2/27/2025 21:00,1.03959,2/28/2025 3:00,1.03878,1.03709007,1.04049,89.9999999999975
2/28/2025 7:30,1.03979,2/28/2025 13:30,1.04066,1.04228993,1.03889,96.66666666665849
2/28/2025 15:00,1.04188,2/28/2025 15:30,1.04098,1.0443799299999998,1.04098,-99.99999999998899
3/3/2025 6:30,1.04061,3/3/2025 9:00,1.04151,1.03811007,1.04151,-99.99999999998899
3/3/2025 19:30,1.04708,3/3/2025 20:00,1.04798,1.04458007,1.04798,-99.99999999998899
3/4/2025 8:00,1.05189,3/4/2025 9:00,1.05099,1.05438993,1.05099,-99.99999999998899
3/5/2025 2:00,1.06042,3/5/2025 3:30,1.0613199999999998,1.05792007,1.0613199999999998,-99.99999999998899
3/6/2025 1:30,1.08171,3/6/2025 2:00,1.08081,1.0842099299999999,1.08081,-99.99999999998899
3/7/2025 2:30,1.0801,3/7/2025 7:00,1.08259993,1.08259993,1.0792000000000002,277.769999999992
3/9/2025 23:00,1.08645,3/10/2025 0:00,1.08555,1.0889499299999998,1.08555,-99.99999999998899
3/10/2025 7:30,1.0820400000000001,3/10/2025 9:00,1.08294,1.0795400700000002,1.08294,-99.99999999998899
3/10/2025 18:00,1.08168,3/10/2025 18:30,1.0825799999999999,1.07918007,1.0825799999999999,-99.99999999998899
3/11/2025 0:30,1.08533,3/11/2025 1:30,1.08443,1.0878299299999998,1.08443,-99.99999999998899
3/11/2025 13:00,1.0925099999999999,3/11/2025 14:00,1.09161,1.0950099299999998,1.09161,-99.99999999998899
3/11/2025 20:00,1.0909900000000001,3/11/2025 20:30,1.09189,1.0884900700000002,1.09189,-99.99999999998899
3/12/2025 2:30,1.09015,3/12/2025 8:00,1.0910499999999999,1.08765007,1.0910499999999999,-99.99999999998899
3/12/2025 12:30,1.0876000000000001,3/12/2025 13:00,1.0885,1.0851000700000002,1.0885,-99.99999999998899
3/13/2025 2:00,1.08959,3/13/2025 3:30,1.0886900000000002,1.09208993,1.0886900000000002,-99.99999999998899
3/13/2025 11:30,1.0854,3/13/2025 12:00,1.0862999999999998,1.08290007,1.0862999999999998,-99.99999999998899
3/14/2025 1:00,1.08407,3/14/2025 5:30,1.08497,1.0815700700000002,1.08497,-99.99999999998899
3/14/2025 8:00,1.08567,3/14/2025 8:30,1.08477,1.0881699299999998,1.08477,-99.99999999998899
3/17/2025 9:30,1.09016,3/17/2025 12:30,1.0892600000000001,1.09265993,1.0892600000000001,-99.99999999998899
3/18/2025 2:00,1.0906,3/18/2025 6:30,1.0915,1.08810007,1.0915,-99.99999999998899
3/18/2025 23:30,1.09365,3/19/2025 5:30,1.09311,1.09115007,1.09455,59.99999999999833
3/19/2025 6:00,1.09218,3/19/2025 7:30,1.08968007,1.08968007,1.0930799999999998,277.769999999992
3/19/2025 14:30,1.08818,3/19/2025 18:00,1.0890799999999998,1.08568007,1.0890799999999998,-99.99999999998899
3/20/2025 4:30,1.09011,3/20/2025 7:30,1.08761007,1.08761007,1.0910099999999998,277.769999999992
3/20/2025 19:00,1.08551,3/20/2025 21:00,1.08461,1.08800993,1.08461,-99.99999999998899
3/21/2025 2:30,1.0842100000000001,3/21/2025 8:30,1.08358,1.0817100700000002,1.08511,70.0000000000145
3/21/2025 11:30,1.08526,3/21/2025 12:00,1.08436,1.0877599299999998,1.08436,-99.99999999998899
3/23/2025 23:30,1.08378,3/24/2025 1:00,1.08288,1.08627993,1.08288,-99.99999999998899
3/24/2025 6:00,1.08401,3/24/2025 9:00,1.08311,1.0865099299999998,1.08311,-99.99999999998899
3/24/2025 13:30,1.07913,3/24/2025 14:00,1.0800299999999998,1.07663007,1.0800299999999998,-99.99999999998899
3/25/2025 7:30,1.07851,3/25/2025 9:00,1.07941,1.0760100700000002,1.07941,-99.99999999998899
3/25/2025 19:00,1.0789,3/25/2025 19:30,1.0797999999999999,1.07640007,1.0797999999999999,-99.99999999998899
3/26/2025 8:30,1.0801,3/26/2025 10:30,1.0792000000000002,1.08259993,1.0792000000000002,-99.99999999998899
3/26/2025 17:00,1.07548,3/26/2025 17:30,1.07638,1.07298007,1.07638,-99.99999999998899
3/27/2025 1:00,1.0766,3/27/2025 7:00,1.07639,1.07909993,1.0757,-23.333333333338167
3/27/2025 11:00,1.0786499999999999,3/27/2025 13:00,1.07775,1.0811499299999998,1.07775,-99.99999999998899
3/28/2025 4:00,1.07847,3/28/2025 7:00,1.07937,1.0759700700000001,1.07937,-99.99999999998899
3/28/2025 13:00,1.0806,3/28/2025 14:00,1.08309993,1.08309993,1.0797,277.769999999992
3/31/2025 0:30,1.08435,3/31/2025 1:30,1.08345,1.0868499299999999,1.08345,-99.99999999998899
3/31/2025 8:00,1.081,3/31/2025 8:30,1.0818999999999999,1.07850007,1.0818999999999999,-99.99999999998899
4/1/2025 0:00,1.08236,4/1/2025 5:00,1.08146,1.08485993,1.08146,-99.99999999998899
4/1/2025 11:00,1.07852,4/1/2025 12:30,1.0794199999999998,1.07602007,1.0794199999999998,-99.99999999998899
4/1/2025 22:00,1.08079,4/1/2025 22:30,1.07989,1.0832899299999998,1.07989,-99.99999999998899
4/2/2025 9:30,1.08078,4/2/2025 10:00,1.0798800000000002,1.08327993,1.0798800000000002,-99.99999999998899
4/3/2025 22:00,1.10597,4/3/2025 23:00,1.10507,1.1084699299999998,1.10507,-99.99999999998899
4/8/2025 7:30,1.09213,4/8/2025 8:00,1.09303,1.0896300700000001,1.09303,-99.99999999998899
4/10/2025 5:00,1.09927,4/10/2025 5:30,1.09837,1.10176993,1.09837,-99.99999999998899
4/14/2025 23:30,1.1334,4/15/2025 2:30,1.1342999999999999,1.13090007,1.1342999999999999,-99.99999999998899
4/15/2025 22:00,1.12948,4/15/2025 23:00,1.1285800000000001,1.13197993,1.1285800000000001,-99.99999999998899
4/16/2025 5:30,1.13824,4/16/2025 6:00,1.13734,1.1407399299999998,1.13734,-99.99999999998899
4/16/2025 19:00,1.14059,4/16/2025 19:30,1.13969,1.14308993,1.13969,-99.99999999998899
4/17/2025 5:30,1.13501,4/17/2025 6:00,1.13591,1.1325100700000001,1.13591,-99.99999999998899
4/17/2025 12:00,1.13407,4/17/2025 12:30,1.1349699999999998,1.13157007,1.1349699999999998,-99.99999999998899
4/18/2025 0:00,1.13833,4/18/2025 0:30,1.1374300000000002,1.14082993,1.1374300000000002,-99.99999999998899
4/18/2025 6:30,1.13595,4/18/2025 7:00,1.13685,1.13345007,1.13685,-99.99999999998899
4/18/2025 14:30,1.1398,4/18/2025 15:00,1.1389,1.1422999299999999,1.1389,-99.99999999998899
4/20/2025 21:00,1.14119,4/20/2025 21:30,1.14029,1.1436899299999999,1.14029,-99.99999999998899
4/21/2025 7:30,1.15572,4/21/2025 8:00,1.1548200000000002,1.15821993,1.1548200000000002,-99.99999999998899
4/22/2025 0:00,1.14943,4/22/2025 2:00,1.1503299999999999,1.14693007,1.1503299999999999,-99.99999999998899
4/22/2025 12:00,1.14673,4/22/2025 12:30,1.14763,1.14423007,1.14763,-99.99999999998899
4/23/2025 8:30,1.14148,4/23/2025 9:30,1.14397993,1.14397993,1.1405800000000001,277.769999999992
4/24/2025 1:00,1.13566,4/24/2025 1:30,1.13476,1.1381599299999998,1.13476,-99.99999999998899
4/24/2025 19:00,1.13916,4/24/2025 20:00,1.13826,1.1416599299999999,1.13826,-99.99999999998899
4/25/2025 14:00,1.13713,4/25/2025 15:00,1.13623,1.13962993,1.13623,-99.99999999998899
4/27/2025 22:00,1.13479,4/28/2025 0:00,1.1356899999999999,1.13229007,1.1356899999999999,-99.99999999998899
4/28/2025 4:30,1.13739,4/28/2025 6:00,1.13649,1.1398899299999998,1.13649,-99.99999999998899
4/28/2025 12:00,1.13735,4/28/2025 12:30,1.1364500000000002,1.13984993,1.1364500000000002,-99.99999999998899
4/29/2025 0:30,1.13976,4/29/2025 1:00,1.14066,1.1372600700000002,1.14066,-99.99999999998899
4/29/2025 18:00,1.13762,4/29/2025 19:00,1.13852,1.1351200700000001,1.13852,-99.99999999998899
4/30/2025 1:30,1.13564,4/30/2025 2:00,1.1365399999999999,1.13314007,1.1365399999999999,-99.99999999998899
4/30/2025 8:00,1.1363400000000001,4/30/2025 8:30,1.13724,1.1338400700000002,1.13724,-99.99999999998899
4/30/2025 15:00,1.1329500000000001,4/30/2025 15:30,1.13385,1.1304500700000002,1.13385,-99.99999999998899
5/1/2025 1:00,1.13086,5/1/2025 3:00,1.1317599999999999,1.12836007,1.1317599999999999,-99.99999999998899
5/1/2025 8:00,1.13295,5/1/2025 8:30,1.13205,1.1354499299999998,1.13205,-99.99999999998899
5/1/2025 22:00,1.12969,5/2/2025 0:00,1.1287900000000002,1.13218993,1.1287900000000002,-99.99999999998899
5/2/2025 6:00,1.13291,5/2/2025 6:30,1.1320100000000002,1.13540993,1.1320100000000002,-99.99999999998899
5/4/2025 23:30,1.1323,5/5/2025 0:00,1.1314000000000002,1.13479993,1.1314000000000002,-99.99999999998899
5/5/2025 7:30,1.13111,5/5/2025 8:00,1.13201,1.1286100700000001,1.13201,-99.99999999998899
5/5/2025 15:00,1.1327,5/5/2025 16:00,1.1302000700000001,1.1302000700000001,1.1336,277.769999999992
5/6/2025 0:00,1.12847,5/6/2025 1:30,1.12937,1.1259700700000002,1.12937,-99.99999999998899
5/6/2025 9:30,1.13096,5/6/2025 10:00,1.1318599999999999,1.12846007,1.1318599999999999,-99.99999999998899
5/6/2025 18:30,1.13733,5/6/2025 21:00,1.13643,1.1398299299999999,1.13643,-99.99999999998899
5/7/2025 5:00,1.1357,5/7/2025 9:00,1.1348,1.1381999299999999,1.1348,-99.99999999998899
5/7/2025 15:00,1.13418,5/7/2025 16:30,1.1350799999999999,1.13168007,1.1350799999999999,-99.99999999998899
5/8/2025 1:30,1.13335,5/8/2025 2:00,1.1324500000000002,1.13584993,1.1324500000000002,-99.99999999998899
5/8/2025 12:00,1.1307,5/8/2025 12:30,1.1298000000000001,1.13319993,1.1298000000000001,-99.99999999998899
5/8/2025 22:30,1.12335,5/8/2025 23:00,1.1224500000000002,1.12584993,1.1224500000000002,-99.99999999998899
5/9/2025 5:30,1.12377,5/9/2025 11:30,1.12542,1.1262699299999999,1.12287,183.33333333335014
5/9/2025 13:00,1.12648,5/9/2025 14:00,1.12558,1.1289799299999999,1.12558,-99.99999999998899
5/9/2025 20:30,1.1244,5/11/2025 21:00,1.1219000700000001,1.1219000700000001,1.1253,277.769999999992
5/12/2025 5:00,1.12202,5/12/2025 6:00,1.12292,1.11952007,1.12292,-99.99999999998899
5/13/2025 3:30,1.11181,5/13/2025 4:00,1.11091,1.11430993,1.11091,-99.99999999998899
5/13/2025 12:30,1.11324,5/13/2025 14:30,1.11573993,1.11573993,1.11234,277.769999999992
5/13/2025 20:00,1.11952,5/13/2025 20:30,1.1186200000000002,1.12201993,1.1186200000000002,-99.99999999998899
5/14/2025 7:30,1.12168,5/14/2025 8:00,1.12417993,1.12417993,1.12078,277.769999999992
5/14/2025 16:30,1.1187,5/14/2025 17:00,1.1196,1.11620007,1.1196,-99.99999999998899
5/15/2025 0:30,1.11931,5/15/2025 6:30,1.12180993,1.12180993,1.1184100000000001,277.769999999992
5/15/2025 11:30,1.11805,5/15/2025 12:00,1.11895,1.11555007,1.11895,-99.99999999998899
5/15/2025 22:30,1.11935,5/16/2025 4:30,1.1203,1.12184993,1.1184500000000002,105.55555555555627
5/16/2025 5:30,1.12173,5/16/2025 6:00,1.12083,1.1242299299999998,1.12083,-99.99999999998899
5/16/2025 14:00,1.11793,5/16/2025 14:30,1.1154300700000002,1.1154300700000002,1.11883,277.769999999992
5/16/2025 20:30,1.11632,5/18/2025 22:00,1.11881993,1.11881993,1.11542,277.769999999992
5/19/2025 6:00,1.12021,5/19/2025 7:00,1.1227099299999999,1.1227099299999999,1.11931,277.769999999992
5/20/2025 0:00,1.12192,5/20/2025 1:00,1.12282,1.11942007,1.12282,-99.99999999998899
5/20/2025 7:00,1.1273,5/20/2025 8:00,1.1264,1.12979993,1.1264,-99.99999999998899
5/20/2025 19:30,1.12824,5/21/2025 1:30,1.12985,1.1307399299999998,1.12734,178.88888888890128
5/21/2025 2:00,1.13205,5/21/2025 6:00,1.13454993,1.13454993,1.13115,277.769999999992
5/21/2025 17:00,1.13581,5/21/2025 17:30,1.13491,1.13830993,1.13491,-99.99999999998899
5/22/2025 6:30,1.13205,5/22/2025 7:30,1.12955007,1.12955007,1.13295,277.769999999992
5/22/2025 14:30,1.12753,5/22/2025 15:00,1.1284299999999998,1.12503007,1.1284299999999998,-99.99999999998899
5/23/2025 0:00,1.12948,5/23/2025 4:30,1.13197993,1.13197993,1.1285800000000001,277.769999999992
5/23/2025 7:00,1.13351,5/23/2025 11:00,1.13600993,1.13600993,1.1326100000000001,277.769999999992
5/25/2025 22:00,1.13773,5/26/2025 1:30,1.1402299299999998,1.1402299299999998,1.13683,277.769999999992
5/26/2025 7:00,1.1393900000000001,5/26/2025 12:00,1.1368900700000002,1.1368900700000002,1.14029,277.769999999992
5/26/2025 22:00,1.13939,5/27/2025 4:00,1.13935,1.1418899299999998,1.13849,-4.444444444424218
5/27/2025 4:30,1.13762,5/27/2025 6:00,1.13852,1.1351200700000001,1.13852,-99.99999999998899
5/27/2025 12:30,1.13685,5/27/2025 13:30,1.13595,1.1393499299999998,1.13595,-99.99999999998899
5/28/2025 0:00,1.13466,5/28/2025 0:30,1.13376,1.13715993,1.13376,-99.99999999998899
5/28/2025 7:30,1.13284,5/28/2025 8:00,1.1319400000000002,1.13533993,1.1319400000000002,-99.99999999998899
5/28/2025 23:00,1.12677,5/28/2025 23:30,1.1242700700000001,1.1242700700000001,1.12767,277.769999999992
5/29/2025 6:00,1.12724,5/29/2025 8:00,1.1263400000000001,1.12973993,1.1263400000000001,-99.99999999998899
5/29/2025 12:30,1.13514,5/29/2025 13:00,1.1342400000000001,1.13763993,1.1342400000000001,-99.99999999998899
5/30/2025 0:00,1.1382999999999999,5/30/2025 0:30,1.1374,1.1407999299999998,1.1374,-99.99999999998899
5/30/2025 7:00,1.13309,5/30/2025 7:30,1.1339899999999998,1.13059007,1.1339899999999998,-99.99999999998899
5/30/2025 13:30,1.13152,5/30/2025 14:00,1.13242,1.1290200700000002,1.13242,-99.99999999998899
6/2/2025 0:00,1.13736,6/2/2025 0:30,1.13646,1.1398599299999999,1.13646,-99.99999999998899
6/2/2025 6:30,1.14032,6/2/2025 7:30,1.14281993,1.14281993,1.13942,277.769999999992
6/2/2025 13:00,1.14068,6/2/2025 13:30,1.1415799999999998,1.13818007,1.1415799999999998,-99.99999999998899
6/2/2025 23:00,1.14522,6/3/2025 0:00,1.14432,1.1477199299999998,1.14432,-99.99999999998899
6/3/2025 8:00,1.14084,6/3/2025 9:30,1.14174,1.1383400700000001,1.14174,-99.99999999998899
6/3/2025 23:30,1.1386,6/4/2025 1:00,1.1377000000000002,1.14109993,1.1377000000000002,-99.99999999998899
6/4/2025 7:00,1.1396,6/4/2025 7:30,1.1387,1.1420999299999999,1.1387,-99.99999999998899
6/4/2025 14:00,1.14183,6/4/2025 20:00,1.14179,1.1443299299999998,1.14093,-4.444444444424218
6/5/2025 0:30,1.1430799999999999,6/5/2025 1:00,1.14218,1.1455799299999998,1.14218,-99.99999999998899
6/5/2025 10:00,1.14314,6/5/2025 10:30,1.1422400000000001,1.14563993,1.1422400000000001,-99.99999999998899
6/5/2025 22:30,1.14534,6/6/2025 1:30,1.1444400000000001,1.14783993,1.1444400000000001,-99.99999999998899
6/6/2025 5:00,1.1429500000000001,6/6/2025 6:30,1.14385,1.1404500700000002,1.14385,-99.99999999998899
6/6/2025 12:00,1.14056,6/6/2025 12:30,1.14146,1.13806007,1.14146,-99.99999999998899
6/8/2025 22:00,1.14051,6/9/2025 0:30,1.13961,1.1430099299999998,1.13961,-99.99999999998899
6/9/2025 6:30,1.1429099999999999,6/9/2025 7:00,1.14201,1.1454099299999998,1.14201,-99.99999999998899
6/9/2025 18:00,1.1431,6/9/2025 20:00,1.1422,1.14559993,1.1422,-99.99999999998899
6/10/2025 1:00,1.1414,6/10/2025 2:00,1.13890007,1.13890007,1.1422999999999999,277.769999999992
6/10/2025 23:30,1.14392,6/11/2025 0:00,1.1430200000000001,1.14641993,1.1430200000000001,-99.99999999998899
6/11/2025 8:00,1.14302,6/11/2025 12:30,1.1455199299999999,1.1455199299999999,1.14212,277.769999999992
6/11/2025 22:30,1.15075,6/12/2025 4:30,1.15154,1.1532499299999999,1.14985,87.77777777778539
6/12/2025 8:00,1.15375,6/12/2025 9:00,1.15624993,1.15624993,1.1528500000000002,277.769999999992
6/12/2025 20:30,1.15854,6/12/2025 21:00,1.15764,1.1610399299999998,1.15764,-99.99999999998899
6/15/2025 21:00,1.15285,6/15/2025 22:30,1.1537499999999998,1.15035007,1.1537499999999998,-99.99999999998899
6/16/2025 5:00,1.15574,6/16/2025 6:00,1.15484,1.15823993,1.15484,-99.99999999998899
6/16/2025 13:00,1.15974,6/16/2025 13:30,1.15884,1.16223993,1.15884,-99.99999999998899
6/17/2025 0:00,1.15445,6/17/2025 1:00,1.1553499999999999,1.15195007,1.1553499999999999,-99.99999999998899
6/17/2025 14:00,1.15352,6/17/2025 16:30,1.1510200700000002,1.1510200700000002,1.15442,277.769999999992
6/18/2025 0:30,1.1494,6/18/2025 6:30,1.15102,1.15189993,1.1485,179.999999999995
6/18/2025 7:00,1.15208,6/18/2025 8:00,1.15118,1.15457993,1.15118,-99.99999999998899
6/18/2025 13:30,1.14866,6/18/2025 14:00,1.14956,1.14616007,1.14956,-99.99999999998899
6/19/2025 1:00,1.1465,6/19/2025 7:00,1.1474,1.1440000700000001,1.1474,-99.99999999998899
6/19/2025 11:00,1.14845,6/19/2025 12:00,1.14755,1.15094993,1.14755,-99.99999999998899
6/19/2025 18:00,1.14873,6/19/2025 23:00,1.15122993,1.15122993,1.1478300000000001,277.769999999992
6/20/2025 0:30,1.15245,6/20/2025 1:00,1.15155,1.15494993,1.15155,-99.99999999998899
6/20/2025 16:00,1.1531799999999999,6/20/2025 19:30,1.15228,1.1556799299999998,1.15228,-99.99999999998899
6/23/2025 5:30,1.1515,6/23/2025 6:00,1.1506,1.15399993,1.1506,-99.99999999998899
6/23/2025 23:00,1.16045,6/23/2025 23:30,1.15955,1.16294993,1.15955,-99.99999999998899
6/24/2025 6:00,1.16174,6/24/2025 6:30,1.16084,1.16423993,1.16084,-99.99999999998899
6/24/2025 13:00,1.15809,6/24/2025 13:30,1.15899,1.1555900700000001,1.15899,-99.99999999998899
6/25/2025 0:30,1.1627,6/25/2025 1:30,1.1618000000000002,1.16519993,1.1618000000000002,-99.99999999998899
6/25/2025 7:30,1.15967,6/25/2025 8:30,1.1605699999999999,1.15717007,1.1605699999999999,-99.99999999998899
6/25/2025 14:00,1.16166,6/25/2025 17:30,1.1641599299999998,1.1641599299999998,1.16076,277.769999999992
6/25/2025 23:00,1.1674,6/26/2025 3:00,1.16989993,1.16989993,1.1665,277.769999999992
6/26/2025 16:00,1.17281,6/26/2025 18:30,1.17191,1.1753099299999998,1.17191,-99.99999999998899
6/26/2025 22:30,1.16809,6/26/2025 23:00,1.16899,1.1655900700000001,1.16899,-99.99999999998899
6/27/2025 6:30,1.1720599999999999,6/27/2025 7:00,1.17116,1.1745599299999998,1.17116,-99.99999999998899
6/30/2025 3:30,1.17101,6/30/2025 4:30,1.17191,1.1685100700000002,1.17191,-99.99999999998899
6/30/2025 14:00,1.17373,6/30/2025 15:30,1.1762299299999999,1.1762299299999999,1.17283,277.769999999992
6/30/2025 22:00,1.17907,7/1/2025 1:30,1.1781700000000002,1.18156993,1.1781700000000002,-99.99999999998899
7/1/2025 8:30,1.18063,7/1/2025 9:00,1.1797300000000002,1.18312993,1.1797300000000002,-99.99999999998899
7/1/2025 20:00,1.18037,7/2/2025 1:30,1.17947,1.1828699299999998,1.17947,-99.99999999998899
7/2/2025 5:30,1.17851,7/2/2025 11:30,1.17601007,1.17601007,1.1794099999999998,277.769999999992
7/3/2025 0:00,1.18054,7/3/2025 2:00,1.17964,1.1830399299999999,1.17964,-99.99999999998899
7/3/2025 7:00,1.18093,7/3/2025 8:00,1.1800300000000001,1.18342993,1.1800300000000001,-99.99999999998899
7/3/2025 23:00,1.17639,7/4/2025 5:00,1.17835,1.17888993,1.1754900000000001,217.77777777777357
7/4/2025 12:00,1.17643,7/4/2025 13:30,1.17733,1.1739300700000002,1.17733,-99.99999999998899
7/7/2025 1:30,1.17698,7/7/2025 7:30,1.17456,1.17448007,1.1778799999999998,268.8888888888741
7/7/2025 8:00,1.17364,7/7/2025 14:00,1.17355,1.17114007,1.17454,9.999999999991498
7/7/2025 16:30,1.16919,7/7/2025 17:00,1.1700899999999999,1.16669007,1.1700899999999999,-99.99999999998899
7/8/2025 0:00,1.1742299999999999,7/8/2025 1:00,1.17333,1.1767299299999998,1.17333,-99.99999999998899
7/8/2025 7:00,1.17568,7/8/2025 8:30,1.1747800000000002,1.17817993,1.1747800000000002,-99.99999999998899
7/9/2025 2:30,1.1709100000000001,7/9/2025 5:30,1.17181,1.1684100700000002,1.17181,-99.99999999998899
7/9/2025 10:30,1.16998,7/9/2025 12:00,1.17088,1.16748007,1.17088,-99.99999999998899
7/9/2025 22:00,1.17262,7/10/2025 4:00,1.17318,1.17511993,1.17172,62.22222222221044
7/10/2025 11:00,1.17158,7/10/2025 13:30,1.1690800700000001,1.1690800700000001,1.17248,277.769999999992
7/10/2025 19:30,1.16975,7/11/2025 0:00,1.1688500000000002,1.17224993,1.1688500000000002,-99.99999999998899
7/11/2025 7:00,1.16965,7/11/2025 7:30,1.1687500000000002,1.17214993,1.1687500000000002,-99.99999999998899
7/11/2025 20:00,1.16788,7/11/2025 20:30,1.16878,1.16538007,1.16878,-99.99999999998899
7/14/2025 5:30,1.16673,7/14/2025 7:00,1.16763,1.1642300700000001,1.16763,-99.99999999998899
