2022/10/25 00:00;0,98842;0,98970;0,98787;0,98941
2022/10/25 01:00;0,98940;0,98984;0,98773;0,98876
2022/10/25 02:00;0,98878;0,98896;0,98779;0,98845
2022/10/25 03:00;0,98845;0,98888;0,98815;0,98846
2022/10/25 04:00;0,98845;0,98862;0,98773;0,98786
2022/10/25 05:00;0,98785;0,98801;0,98665;0,98706
2022/10/25 06:00;0,98706;0,98786;0,98551;0,98611
2022/10/25 07:00;0,98610;0,98668;0,98524;0,98564
2022/10/25 08:00;0,98561;0,98760;0,98533;0,98571
2022/10/25 09:00;0,98573;0,98753;0,98552;0,98638
2022/10/25 10:00;0,98640;0,98722;0,98539;0,98582
2022/10/25 11:00;0,98584;0,98669;0,98484;0,98666
2022/10/25 12:00;0,98666;0,98754;0,98562;0,98743
2022/10/25 13:00;0,98743;0,99695;0,98730;0,99677
2022/10/25 14:00;0,99677;0,99766;0,99351;0,99570
2022/10/25 15:00;0,99569;0,99768;0,99524;0,99577
2022/10/25 16:00;0,99577;0,99652;0,99464;0,99534
2022/10/25 17:00;0,99534;0,99646;0,99507;0,99643
2022/10/25 18:00;0,99642;0,99696;0,99556;0,99590
2022/10/25 19:00;0,99589;0,99679;0,99582;0,99666
2022/10/25 20:00;0,99665;0,99695;0,99625;0,99646
2022/10/25 21:00;0,99646;0,99667;0,99641;0,99661
2022/10/25 22:00;0,99659;0,99660;0,99552;0,99600
2022/10/25 23:00;0,99599;0,99649;0,99572;0,99616
2022/10/26 00:00;0,99617;0,99673;0,99434;0,99471
2022/10/26 01:00;0,99470;0,99577;0,99449;0,99473
2022/10/26 02:00;0,99474;0,99541;0,99465;0,99521
2022/10/26 03:00;0,99520;0,99608;0,99515;0,99571
2022/10/26 04:00;0,99570;0,99597;0,99508;0,99545
2022/10/26 05:00;0,99545;0,99708;0,99515;0,99621
2022/10/26 06:00;0,99619;0,99849;0,99605;0,99825
2022/10/26 07:00;0,99829;1,00345;0,99735;1,00329
2022/10/26 08:00;1,00330;1,00453;1,00154;1,00380
2022/10/26 09:00;1,00379;1,00476;1,00187;1,00258
2022/10/26 10:00;1,00259;1,00313;1,00087;1,00229
2022/10/26 11:00;1,00228;1,00325;1,00131;1,00213
2022/10/26 12:00;1,00211;1,00285;0,99955;1,00043
2022/10/26 13:00;1,00041;1,00315;1,00016;1,00133
2022/10/26 14:00;1,00133;1,00499;1,00131;1,00478
2022/10/26 15:00;1,00478;1,00810;1,00429;1,00677
2022/10/26 16:00;1,00677;1,00836;1,00609;1,00763
2022/10/26 17:00;1,00762;1,00830;1,00669;1,00797
2022/10/26 18:00;1,00797;1,00885;1,00744;1,00813
2022/10/26 19:00;1,00812;1,00819;1,00755;1,00814
2022/10/26 20:00;1,00814;1,00850;1,00783;1,00785
2022/10/26 21:00;1,00771;1,00877;1,00720;1,00809
2022/10/26 22:00;1,00808;1,00834;1,00746;1,00798
2022/10/26 23:00;1,00799;1,00934;1,00790;1,00932
2022/10/27 00:00;1,00932;1,00934;1,00744;1,00783
2022/10/27 01:00;1,00783;1,00842;1,00741;1,00756
2022/10/27 02:00;1,00755;1,00755;1,00617;1,00666
2022/10/27 03:00;1,00667;1,00732;1,00661;1,00694
2022/10/27 04:00;1,00692;1,00742;1,00636;1,00705
2022/10/27 05:00;1,00707;1,00836;1,00700;1,00765
2022/10/27 06:00;1,00766;1,00805;1,00543;1,00568
2022/10/27 07:00;1,00567;1,00700;1,00545;1,00663
2022/10/27 08:00;1,00663;1,00777;1,00575;1,00600
2022/10/27 09:00;1,00601;1,00626;1,00304;1,00380
2022/10/27 10:00;1,00383;1,00461;1,00293;1,00358
2022/10/27 11:00;1,00357;1,00502;1,00281;1,00497
2022/10/27 12:00;1,00496;1,00512;0,99853;1,00060
2022/10/27 13:00;1,00063;1,00299;0,99723;1,00055
2022/10/27 14:00;1,00056;1,00436;0,99885;0,99980
2022/10/27 15:00;0,99979;1,00114;0,99775;0,99838
2022/10/27 16:00;0,99838;0,99900;0,99702;0,99776
2022/10/27 17:00;0,99778;0,99956;0,99710;0,99715
2022/10/27 18:00;0,99715;0,99737;0,99575;0,99627
2022/10/27 19:00;0,99626;0,99725;0,99590;0,99708
2022/10/27 20:00;0,99708;0,99722;0,99600;0,99635
2022/10/27 21:00;0,99635;0,99657;0,99610;0,99651
2022/10/27 22:00;0,99651;0,99720;0,99634;0,99710
2022/10/27 23:00;0,99710;0,99719;0,99663;0,99668
2022/10/28 00:00;0,99668;0,99690;0,99578;0,99664
2022/10/28 01:00;0,99667;0,99960;0,99641;0,99952
2022/10/28 02:00;0,99952;0,99980;0,99813;0,99883
2022/10/28 03:00;0,99884;0,99925;0,99798;0,99922
2022/10/28 04:00;0,99921;0,99925;0,99815;0,99849
2022/10/28 05:00;0,99849;0,99909;0,99731;0,99737
2022/10/28 06:00;0,99734;0,99808;0,99631;0,99677
2022/10/28 07:00;0,99677;0,99767;0,99377;0,99451
2022/10/28 08:00;0,99457;0,99530;0,99265;0,99409
2022/10/28 09:00;0,99412;0,99646;0,99412;0,99534
2022/10/28 10:00;0,99534;0,99566;0,99352;0,99474
2022/10/28 11:00;0,99472;0,99755;0,99388;0,99539
2022/10/28 12:00;0,99537;0,99730;0,99359;0,99691
2022/10/28 13:00;0,99691;0,99898;0,99655;0,99690
2022/10/28 14:00;0,99691;0,99823;0,99388;0,99505
2022/10/28 15:00;0,99506;0,99529;0,99303;0,99335
2022/10/28 16:00;0,99335;0,99390;0,99286;0,99382
2022/10/28 17:00;0,99384;0,99492;0,99340;0,99381
2022/10/28 18:00;0,99381;0,99571;0,99375;0,99556
2022/10/28 19:00;0,99556;0,99661;0,99523;0,99660
2022/10/28 20:00;0,99659;0,99675;0,99595;0,99631
2022/10/31 00:00;0,99543;0,99647;0,99530;0,99590
2022/10/31 01:00;0,99590;0,99635;0,99431;0,99482
2022/10/31 02:00;0,99479;0,99563;0,99456;0,99553
2022/10/31 03:00;0,99554;0,99656;0,99524;0,99647
2022/10/31 04:00;0,99646;0,99655;0,99586;0,99605
2022/10/31 05:00;0,99605;0,99616;0,99441;0,99479
2022/10/31 06:00;0,99477;0,99531;0,99380;0,99520
2022/10/31 07:00;0,99519;0,99545;0,99280;0,99296
2022/10/31 08:00;0,99291;0,99333;0,99140;0,99229
2022/10/31 09:00;0,99228;0,99487;0,99211;0,99461
2022/10/31 10:00;0,99463;0,99464;0,99272;0,99324
2022/10/31 11:00;0,99324;0,99391;0,99243;0,99361
2022/10/31 12:00;0,99362;0,99365;0,99072;0,99089
2022/10/31 13:00;0,99086;0,99154;0,98882;0,98897
2022/10/31 14:00;0,98898;0,99079;0,98804;0,98895
2022/10/31 15:00;0,98896;0,98951;0,98728;0,98828
2022/10/31 16:00;0,98825;0,98898;0,98751;0,98752
2022/10/31 17:00;0,98754;0,98871;0,98730;0,98867
2022/10/31 18:00;0,98866;0,98957;0,98813;0,98880
2022/10/31 19:00;0,98880;0,98883;0,98766;0,98827
2022/10/31 20:00;0,98829;0,98841;0,98796;0,98802
2022/10/31 21:00;0,98801;0,98850;0,98717;0,98821
2022/10/31 22:00;0,98823;0,98853;0,98807;0,98842
2022/10/31 23:00;0,98842;0,98875;0,98827;0,98856
2022/11/01 00:00;0,98856;0,98901;0,98822;0,98853
2022/11/01 01:00;0,98851;0,98996;0,98841;0,98947
2022/11/01 02:00;0,98948;0,99080;0,98927;0,99063
2022/11/01 03:00;0,99063;0,99076;0,98944;0,99032
2022/11/01 04:00;0,99034;0,99076;0,98993;0,99049
2022/11/01 05:00;0,99050;0,99277;0,99042;0,99247
2022/11/01 06:00;0,99247;0,99384;0,99214;0,99330
2022/11/01 07:00;0,99331;0,99333;0,99086;0,99302
2022/11/01 08:00;0,99297;0,99477;0,99209;0,99224
2022/11/01 09:00;0,99227;0,99352;0,99150;0,99337
2022/11/01 10:00;0,99337;0,99415;0,99232;0,99363
2022/11/01 11:00;0,99364;0,99424;0,99259;0,99343
2022/11/01 12:00;0,99343;0,99478;0,99342;0,99406
2022/11/01 13:00;0,99409;0,99539;0,99295;0,99356
2022/11/01 14:00;0,99359;0,99369;0,98587;0,98688
2022/11/01 15:00;0,98687;0,98852;0,98608;0,98700
2022/11/01 16:00;0,98700;0,99096;0,98527;0,98610
2022/11/01 17:00;0,98611;0,98826;0,98578;0,98818
2022/11/01 18:00;0,98817;0,98859;0,98766;0,98825
2022/11/01 19:00;0,98824;0,98836;0,98738;0,98776
2022/11/01 20:00;0,98775;0,98796;0,98727;0,98738
2022/11/01 21:00;0,98719;0,98794;0,98719;0,98746
2022/11/01 22:00;0,98747;0,98796;0,98695;0,98740
2022/11/01 23:00;0,98739;0,98790;0,98718;0,98772
2022/11/02 00:00;0,98772;0,98876;0,98743;0,98872
2022/11/02 01:00;0,98872;0,98889;0,98812;0,98879
2022/11/02 02:00;0,98878;0,98963;0,98787;0,98937
2022/11/02 03:00;0,98938;0,98996;0,98915;0,98928
2022/11/02 04:00;0,98931;0,98937;0,98793;0,98841
2022/11/02 05:00;0,98841;0,98928;0,98831;0,98874
2022/11/02 06:00;0,98876;0,98894;0,98783;0,98825
2022/11/02 07:00;0,98824;0,98855;0,98709;0,98842
2022/11/02 08:00;0,98842;0,99067;0,98790;0,98999
2022/11/02 09:00;0,98999;0,99054;0,98864;0,99048
2022/11/02 10:00;0,99049;0,99118;0,98942;0,99012
2022/11/02 11:00;0,99014;0,99055;0,98867;0,98976
2022/11/02 12:00;0,98976;0,99077;0,98842;0,99059
2022/11/02 13:00;0,99061;0,99150;0,98879;0,98941
2022/11/02 14:00;0,98942;0,98943;0,98722;0,98733
2022/11/02 15:00;0,98735;0,98860;0,98641;0,98742
2022/11/02 16:00;0,98744;0,98763;0,98586;0,98673
2022/11/02 17:00;0,98672;0,98915;0,98587;0,98798
2022/11/02 18:00;0,98802;0,99757;0,98731;0,98847
2022/11/02 19:00;0,98845;0,99047;0,98224;0,98285
2022/11/02 20:00;0,98285;0,98312;0,98129;0,98145
2022/11/02 21:00;0,98139;0,98180;0,98131;0,98155
2022/11/02 22:00;0,98149;0,98317;0,98122;0,98146
2022/11/02 23:00;0,98146;0,98181;0,98098;0,98138
2022/11/03 00:00;0,98141;0,98225;0,98098;0,98208
2022/11/03 01:00;0,98207;0,98394;0,98198;0,98309
2022/11/03 02:00;0,98307;0,98391;0,98261;0,98271
2022/11/03 03:00;0,98270;0,98331;0,98241;0,98290
2022/11/03 04:00;0,98290;0,98360;0,98275;0,98345
2022/11/03 05:00;0,98346;0,98359;0,98242;0,98262
2022/11/03 06:00;0,98260;0,98260;0,98097;0,98114
2022/11/03 07:00;0,98114;0,98132;0,97729;0,97836
2022/11/03 08:00;0,97835;0,97900;0,97608;0,97673
2022/11/03 09:00;0,97676;0,97702;0,97475;0,97532
2022/11/03 10:00;0,97532;0,97563;0,97299;0,97410
2022/11/03 11:00;0,97447;0,97513;0,97355;0,97392
2022/11/03 12:00;0,97393;0,97634;0,97326;0,97407
2022/11/03 13:00;0,97407;0,97614;0,97350;0,97443
2022/11/03 14:00;0,97454;0,97946;0,97424;0,97854
2022/11/03 15:00;0,97853;0,97872;0,97530;0,97579
2022/11/03 16:00;0,97579;0,97694;0,97453;0,97479
2022/11/03 17:00;0,97475;0,97539;0,97442;0,97470
2022/11/03 18:00;0,97469;0,97564;0,97423;0,97534
2022/11/03 19:00;0,97536;0,97614;0,97486;0,97512
2022/11/03 20:00;0,97517;0,97520;0,97466;0,97468
2022/11/03 21:00;0,97468;0,97505;0,97464;0,97488
2022/11/03 22:00;0,97483;0,97550;0,97424;0,97510
2022/11/03 23:00;0,97509;0,97517;0,97469;0,97488
2022/11/04 00:00;0,97491;0,97599;0,97472;0,97526
2022/11/04 01:00;0,97527;0,97664;0,97481;0,97636
2022/11/04 02:00;0,97636;0,97711;0,97601;0,97665
2022/11/04 03:00;0,97667;0,97736;0,97663;0,97730
2022/11/04 04:00;0,97729;0,97883;0,97723;0,97861
2022/11/04 05:00;0,97863;0,97906;0,97751;0,97752
2022/11/04 06:00;0,97751;0,97964;0,97724;0,97801
2022/11/04 07:00;0,97802;0,97856;0,97568;0,97637
2022/11/04 08:00;0,97638;0,97834;0,97638;0,97734
2022/11/04 09:00;0,97738;0,97907;0,97715;0,97752
2022/11/04 10:00;0,97753;0,97961;0,97731;0,97917
2022/11/04 11:00;0,97916;0,98115;0,97850;0,97968
