Name,Symbol,Date,Time (+2:00 GMT),Impact,Link,id,,,
MPC Member Greene Speaks,GBP,2026/05/31,12:30pm,Low,https://www.forexfactory.com/calendar/894-uk-mpc-member-greene-speaks,51389098-a1a1-45f9-be13-a09734de4137,,,
FOMC Member Waller Speaks,USD,2026/05/31,12:30pm,Low,https://www.forexfactory.com/calendar/839-us-fomc-member-waller-speaks,66cbb712-5cde-4c40-9595-0b49a824a9b6,,,
Bank Holiday,NZD,2026/05/31,8:00pm,Holiday,https://www.forexfactory.com/calendar/395-nz-bank-holiday,06d2be2a-1e98-4d0a-8eb2-121d8ffadfd5,,,
Capital Spending q/y,JPY,2026/05/31,11:50pm,Low,https://www.forexfactory.com/calendar/384-jn-capital-spending-qy,c01b9385-b967-4df2-a983-2d751440edbe,,,
Final Manufacturing PMI,JPY,2026/06/01,12:30am,Low,https://www.forexfactory.com/calendar/274-jn-final-manufacturing-pmi,df9e8ba3-6ab1-47d2-97d3-c8a7b414e1e2,,,
FOMC Member Powell Speaks,USD,2026/06/01,12:30am,Medium,https://www.forexfactory.com/calendar/717-us-fomc-member-powell-speaks,b0e3fbc7-df1a-441b-8490-54e60aa6ac9d,,,
MI Inflation Gauge m/m,AUD,2026/06/01,1:00am,Low,https://www.forexfactory.com/calendar/294-au-mi-inflation-gauge-mm,2d714bb7-c18d-488b-9440-399753f850d5,,,
ANZ Job Advertisements m/m,AUD,2026/06/01,1:30am,Low,https://www.forexfactory.com/calendar/234-au-anz-job-advertisements-mm,1f9ca207-721d-4766-b8f6-f66cfc1b98f9,,,
RatingDog Manufacturing PMI,CNY,2026/06/01,1:45am,Low,https://www.forexfactory.com/calendar/448-ch-ratingdog-manufacturing-pmi,dc3e2b52-50d9-4757-b469-e2ac64aa8738,,,
German Retail Sales m/m,EUR,2026/06/01,6:00am,Low,https://www.forexfactory.com/calendar/107-ge-retail-sales-mm,7c271d96-aeb6-422e-9f6e-793e16b9ea01,,,
Nationwide HPI m/m,GBP,2026/06/01,6:00am,Low,https://www.forexfactory.com/calendar/242-uk-nationwide-hpi-mm,8b834c29-58c8-4141-874e-3f3808c8f36f,,,
Commodity Prices y/y,AUD,2026/06/01,6:30am,Low,https://www.forexfactory.com/calendar/245-au-commodity-prices-yy,e94e2276-6f77-4963-ae09-bd2839552876,,,
Retail Sales y/y,CHF,2026/06/01,6:30am,Low,https://www.forexfactory.com/calendar/109-sz-retail-sales-yy,1054ef6d-6b81-4373-a8e7-879b4caf3a62,,,
GDP q/q,CHF,2026/06/01,7:00am,Low,https://www.forexfactory.com/calendar/32-sz-gdp-qq,42b159c2-1426-4792-9a87-c7c408c56af8,,,
Spanish Manufacturing PMI,EUR,2026/06/01,7:15am,Low,https://www.forexfactory.com/calendar/557-sp-manufacturing-pmi,3e36c337-0f97-4900-83f4-d868586b1942,,,
Manufacturing PMI,CHF,2026/06/01,7:30am,Low,https://www.forexfactory.com/calendar/273-sz-manufacturing-pmi,c60e4cbb-ba4d-4be5-ab0e-38024f688a2e,,,
Italian Manufacturing PMI,EUR,2026/06/01,7:45am,Low,https://www.forexfactory.com/calendar/547-it-manufacturing-pmi,5c501b77-74f9-4fed-b25e-c25d7575d486,,,
French Final Manufacturing PMI,EUR,2026/06/01,7:50am,Low,https://www.forexfactory.com/calendar/617-fr-final-manufacturing-pmi,e33bf533-3194-4935-980e-56779b58433c,,,
German Final Manufacturing PMI,EUR,2026/06/01,7:55am,Low,https://www.forexfactory.com/calendar/618-ge-final-manufacturing-pmi,e5546e48-e957-40df-a7df-8806bef9e1cc,,,
Final Manufacturing PMI,EUR,2026/06/01,8:00am,Low,https://www.forexfactory.com/calendar/264-ez-final-manufacturing-pmi,53a55eaa-639a-4b43-99ef-0c592756d7ae,,,
M3 Money Supply y/y,EUR,2026/06/01,8:00am,Low,https://www.forexfactory.com/calendar/375-ez-m3-money-supply-yy,b2d81a49-ae25-438c-859a-6da06f40c76e,,,
Private Loans y/y,EUR,2026/06/01,8:00am,Low,https://www.forexfactory.com/calendar/365-ez-private-loans-yy,a70f433b-a8cc-4d6d-b6da-74dcdf338751,,,
Final Manufacturing PMI,GBP,2026/06/01,8:30am,Low,https://www.forexfactory.com/calendar/249-uk-final-manufacturing-pmi,7e9a49d9-d07b-4a76-add0-6f1d9e97faf8,,,
Unemployment Rate,EUR,2026/06/01,9:00am,Low,https://www.forexfactory.com/calendar/59-ez-unemployment-rate,bdcf53ef-773a-4f6c-85aa-628ce672c379,,,
Manufacturing PMI,CAD,2026/06/01,1:30pm,Low,https://www.forexfactory.com/calendar/629-ca-manufacturing-pmi,435ebf08-07bb-4745-b324-3e8cdc2b4fa6,,,
Final Manufacturing PMI,USD,2026/06/01,1:45pm,Low,https://www.forexfactory.com/calendar/553-us-final-manufacturing-pmi,1c17328a-5eaf-4b48-be66-b5a595a69393,,,
ISM Manufacturing PMI,USD,2026/06/01,2:00pm,High,https://www.forexfactory.com/calendar/252-us-ism-manufacturing-pmi,49de92a9-2994-40cb-9852-0e0c7e8bf7d7,,,
ISM Manufacturing Prices,USD,2026/06/01,2:00pm,Medium,https://www.forexfactory.com/calendar/255-us-ism-manufacturing-prices,28319e00-8dcd-4608-8dde-65e174f4dd38,,,
Construction Spending m/m,USD,2026/06/01,2:00pm,Low,https://www.forexfactory.com/calendar/205-us-construction-spending-mm,4fa5fa3a-6310-473d-82ee-ba5bb9b6fb2f,,,
Gov Council Member Rogers Speaks,CAD,2026/06/01,4:00pm,Low,https://www.forexfactory.com/calendar/847-ca-gov-council-member-rogers-speaks,4cc91bf9-7642-4237-a65e-c6a6b94ef7cf,,,
Monetary Base y/y,JPY,2026/06/01,11:50pm,Low,https://www.forexfactory.com/calendar/377-jn-monetary-base-yy,f4febd87-22da-44fa-8479-f073c451d9d4,,,
Building Approvals m/m,AUD,2026/06/02,1:30am,Low,https://www.forexfactory.com/calendar/202-au-building-approvals-mm,1da55522-dce9-421a-b485-e6def5d01b50,,,
Company Operating Profits q/q,AUD,2026/06/02,1:30am,Low,https://www.forexfactory.com/calendar/380-au-company-operating-profits-qq,f2e5825f-0af1-47c3-adec-9bfaab08e007,,,
Current Account,AUD,2026/06/02,1:30am,Low,https://www.forexfactory.com/calendar/216-au-current-account,43e6ee46-4cc2-4dc9-b478-9ac42cfb2a69,,,
10-y Bond Auction,JPY,2026/06/02,3:35am,Low,https://www.forexfactory.com/calendar/574-jn-10-y-bond-auction,2fef60d3-400d-451d-b3c7-d8e0bf546580,,,
FOMC Member Kashkari Speaks,USD,2026/06/02,5:50am,Low,https://www.forexfactory.com/calendar/651-us-fomc-member-kashkari-speaks,29b63549-e0a0-47f2-98b4-dcc29e26d8e9,,,
Italian Bank Holiday,EUR,2026/06/02,6:03am,Holiday,https://www.forexfactory.com/calendar/397-it-bank-holiday,417c731f-d725-47f9-94e6-305963860852,,,
French Gov Budget Balance,EUR,2026/06/02,6:45am,Low,https://www.forexfactory.com/calendar/378-fr-gov-budget-balance,2fab831d-3f9e-40a6-a309-af09123c5358,,,
Spanish Unemployment Change,EUR,2026/06/02,7:00am,Low,https://www.forexfactory.com/calendar/561-sp-unemployment-change,7547324e-b0a5-4b87-8820-f625bec6b4da,,,
M4 Money Supply m/m,GBP,2026/06/02,8:30am,Low,https://www.forexfactory.com/calendar/348-uk-m4-money-supply-mm,4e4533d9-8334-4f56-805d-b5960ec0db9e,,,
Mortgage Approvals,GBP,2026/06/02,8:30am,Low,https://www.forexfactory.com/calendar/287-uk-mortgage-approvals,3547ed02-5723-406a-ae46-8df23b3754f3,,,
Net Lending to Individuals m/m,GBP,2026/06/02,8:30am,Low,https://www.forexfactory.com/calendar/343-uk-net-lending-to-individuals-mm,32af5fc7-3ec6-4b3c-88a9-30eb9c632a0b,,,
Core CPI Flash Estimate y/y,EUR,2026/06/02,9:00am,Medium,https://www.forexfactory.com/calendar/593-ez-core-cpi-flash-estimate-yy,9bff738a-e389-4c2c-9f4a-a7e18151550d,,,
CPI Flash Estimate y/y,EUR,2026/06/02,9:00am,Medium,https://www.forexfactory.com/calendar/168-ez-cpi-flash-estimate-yy,861b6461-aba0-46b3-a17c-248e182def26,,,
10-y Bond Auction,GBP,2026/06/02,9:00am,Low,https://www.forexfactory.com/calendar/526-uk-10-y-bond-auction,97690583-5574-41d9-a40d-6bf4873fee39,,,
FOMC Member Hammack Speaks,USD,2026/06/02,12:30pm,Low,https://www.forexfactory.com/calendar/913-us-fomc-member-hammack-speaks,63c8cba7-0db4-4f46-8ebf-7b918549ca68,,,
BOE Gov Bailey Speaks,GBP,2026/06/02,2:00pm,High,https://www.forexfactory.com/calendar/838-uk-boe-gov-bailey-speaks,b5d8e700-45c1-4e77-a4ca-d1ed8c833795,,,
JOLTS Job Openings,USD,2026/06/02,2:00pm,Medium,https://www.forexfactory.com/calendar/578-us-jolts-job-openings,0b60f21f-680f-4b20-b250-dbd5cb4152f1,,,
RCM/TIPP Economic Optimism,USD,2026/06/02,2:02pm,Low,https://www.forexfactory.com/calendar/237-us-rcmtipp-economic-optimism,651e1477-39ac-4d70-a7db-14c24ca7fc51,,,
Omdia Total Vehicle Sales,USD,2026/06/02,2:15pm,Low,https://www.forexfactory.com/calendar/828-us-omdia-total-vehicle-sales,42b40eb1-580d-4b18-aac1-7b989744f395,,,
MPC Member Greene Speaks,GBP,2026/06/02,3:00pm,Low,https://www.forexfactory.com/calendar/894-uk-mpc-member-greene-speaks,5b368630-4a9c-4ffa-84c0-b356b09b3f55,,,
GDT Price Index,NZD,2026/06/02,3:05pm,Low,https://www.forexfactory.com/calendar/602-nz-gdt-price-index,ed81dfe6-dee0-4fdf-8ca1-7817fc865c1b,,,
API Weekly Statistical Bulletin,USD,2026/06/02,8:30pm,Low,https://www.forexfactory.com/calendar/754-us-api-weekly-statistical-bulletin,7d1b47d3-130e-4f1f-be08-c988e46eba17,,,
Building Consents m/m,NZD,2026/06/02,10:45pm,Low,https://www.forexfactory.com/calendar/229-nz-building-consents-mm,98ff4981-2fcf-4427-bb3a-8b75a6b5d8bd,,,
Overseas Trade Index q/q,NZD,2026/06/02,10:45pm,Low,https://www.forexfactory.com/calendar/158-nz-overseas-trade-index-qq,63259850-630b-44f6-b218-3b0db823531b,,,
GDP q/q,AUD,2026/06/03,1:30am,High,https://www.forexfactory.com/calendar/31-au-gdp-qq,d76b9c03-f6b6-4c2e-a84c-0bd710c4394f,,,
RatingDog Services PMI,CNY,2026/06/03,1:45am,Low,https://www.forexfactory.com/calendar/591-ch-ratingdog-services-pmi,1f2baeed-432a-4e94-aad8-fbb46a5d3749,,,
FOMC Member Goolsbee Speaks,USD,2026/06/03,3:00am,Low,https://www.forexfactory.com/calendar/889-us-fomc-member-goolsbee-speaks,b27c3278-b0d5-4605-8113-b815e8fb2a6f,,,
Private Sector Credit m/m,AUD,2026/06/03,6:19am,Low,https://www.forexfactory.com/calendar/344-au-private-sector-credit-mm,8806fb45-961b-4b8a-a9c2-d5e46c3afc05,,,
Spanish Services PMI,EUR,2026/06/03,7:15am,Low,https://www.forexfactory.com/calendar/558-sp-services-pmi,35bf7b3a-f5c9-4da7-bca3-cdd3053c53e2,,,
Italian Services PMI,EUR,2026/06/03,7:45am,Low,https://www.forexfactory.com/calendar/548-it-services-pmi,eba6fc2d-a6be-4aa4-a077-f3733e3a3a08,,,
French Final Services PMI,EUR,2026/06/03,7:50am,Low,https://www.forexfactory.com/calendar/619-fr-final-services-pmi,88522b4c-e09b-4fec-b6d7-17228892fd96,,,
German Final Services PMI,EUR,2026/06/03,7:55am,Low,https://www.forexfactory.com/calendar/620-ge-final-services-pmi,4d4b43af-6f6a-4156-9b82-cec50f5c13f9,,,
Final Services PMI,EUR,2026/06/03,8:00am,Low,https://www.forexfactory.com/calendar/265-ez-final-services-pmi,d0f3a041-460e-42f7-a300-dcefe63d86e6,,,
Final Services PMI,GBP,2026/06/03,8:30am,Low,https://www.forexfactory.com/calendar/250-uk-final-services-pmi,03a5a95c-921b-4a32-85f1-3c83666756ac,,,
BOJ Gov Ueda Speaks,JPY,2026/06/03,8:30am,High,https://www.forexfactory.com/calendar/892-jn-boj-gov-ueda-speaks,735a896b-92be-45e9-a5ab-9cf0116039dd,,,
PPI m/m,EUR,2026/06/03,9:00am,Low,https://www.forexfactory.com/calendar/89-ez-ppi-mm,bcae5736-946c-4779-817f-ba5741e5397b,,,
ADP Non-Farm Employment Change,USD,2026/06/03,12:15pm,High,https://www.forexfactory.com/calendar/75-us-adp-non-farm-employment-change,3967f501-05ba-46ed-892e-0d86c2470364,,,
Labor Productivity q/q,CAD,2026/06/03,12:30pm,Low,https://www.forexfactory.com/calendar/157-ca-labor-productivity-qq,37c5703e-7c6c-4727-8bf9-b051be6141fb,,,
FOMC Member Barr Speaks,USD,2026/06/03,1:00pm,Low,https://www.forexfactory.com/calendar/880-us-fomc-member-barr-speaks,4ec0cbfd-8a1c-4be7-b5d8-1ed1c4428ee2,,,
Final Services PMI,USD,2026/06/03,1:45pm,Low,https://www.forexfactory.com/calendar/584-us-final-services-pmi,d3f89c16-4aa5-45cd-a18f-c805de6f0b41,,,
ISM Services PMI,USD,2026/06/03,2:00pm,High,https://www.forexfactory.com/calendar/253-us-ism-services-pmi,0e747bac-4793-474b-a8c3-02c10425c518,,,
Treasury Sec Bessent Speaks,USD,2026/06/03,2:00pm,Medium,https://www.forexfactory.com/calendar/917-us-treasury-sec-bessent-speaks,95e5eb90-3c92-4e3a-b6a1-fa08dd7e6eb4,,,
Factory Orders m/m,USD,2026/06/03,2:00pm,Low,https://www.forexfactory.com/calendar/351-us-factory-orders-mm,2e080bdd-664d-4b60-ab3f-7b3a3cf491fd,,,
Crude Oil Inventories,USD,2026/06/03,2:30pm,Low,https://www.forexfactory.com/calendar/10-us-crude-oil-inventories,62ef50f8-c3fa-4a96-9a96-073ba8ac2273,,,
Beige Book,USD,2026/06/03,6:00pm,Low,https://www.forexfactory.com/calendar/241-us-beige-book,1451866e-abc0-47fd-b526-e9b99506dbd4,,,
FOMC Member Logan Speaks,USD,2026/06/03,8:00pm,Low,https://www.forexfactory.com/calendar/890-us-fomc-member-logan-speaks,23836eaa-f808-471e-8ecd-f01093c82fd2,,,
ANZ Commodity Prices m/m,NZD,2026/06/04,1:00am,Low,https://www.forexfactory.com/calendar/190-nz-anz-commodity-prices-mm,ded8d6b9-2d6c-4282-886d-368695575a1e,,,
Goods Trade Balance,AUD,2026/06/04,1:30am,Low,https://www.forexfactory.com/calendar/122-au-goods-trade-balance,9ab87ffc-a9f7-4e37-8107-395d07200980,,,
RBA Gov Bullock Speaks,AUD,2026/06/04,5:00am,High,https://www.forexfactory.com/calendar/671-au-rba-gov-bullock-speaks,dfc542b8-5fff-4f9e-94d5-ee3735b6d4be,,,
CPI m/m,CHF,2026/06/04,6:30am,Medium,https://www.forexfactory.com/calendar/100-sz-cpi-mm,ee497bdd-e63c-4994-9acc-f27e9077f665,,,
Unemployment Rate,CHF,2026/06/04,7:00am,Low,https://www.forexfactory.com/calendar/62-sz-unemployment-rate,a66cd024-8d0c-4cf1-bfab-b887ea2b0c91,,,
ECB President Lagarde Speaks,EUR,2026/06/04,8:00am,Medium,https://www.forexfactory.com/calendar/832-ez-ecb-president-lagarde-speaks,25a4af51-d7ba-460b-a9f6-7ab88824b697,,,
Construction PMI,GBP,2026/06/04,8:30am,Low,https://www.forexfactory.com/calendar/251-uk-construction-pmi,1abbfcde-4de5-447a-b845-28a7b56664f1,,,
French 10-y Bond Auction,EUR,2026/06/04,8:50am,Low,https://www.forexfactory.com/calendar/523-fr-10-y-bond-auction,216dbbd1-6bac-41d7-a768-c8f9b470ed85,,,
Retail Sales m/m,EUR,2026/06/04,9:00am,Low,https://www.forexfactory.com/calendar/106-ez-retail-sales-mm,9b972517-540f-4038-8ea9-8232558560ae,,,
Challenger Job Cuts y/y,USD,2026/06/04,9:30am,Low,https://www.forexfactory.com/calendar/76-us-challenger-job-cuts-yy,176d8a60-4e56-418a-9f83-4cd9a9bf9a40,,,
Unemployment Claims,USD,2026/06/04,12:30pm,Medium,https://www.forexfactory.com/calendar/11-us-unemployment-claims,51a99c01-e654-48e1-94f3-4b473f02c092,,,
FOMC Member Barkin Speaks,USD,2026/06/04,12:30pm,Low,https://www.forexfactory.com/calendar/728-us-fomc-member-barkin-speaks,c2101e7d-9ea5-499a-b54d-4342b415d821,,,
Revised Nonfarm Productivity q/q,USD,2026/06/04,12:30pm,Low,https://www.forexfactory.com/calendar/156-us-revised-nonfarm-productivity-qq,20148427-aad6-4d6b-8a29-6cc4a3c92eb6,,,
Revised Unit Labor Costs q/q,USD,2026/06/04,12:30pm,Low,https://www.forexfactory.com/calendar/178-us-revised-unit-labor-costs-qq,05620b89-3d25-457d-b116-8e7ec747394f,,,
Treasury Sec Bessent Speaks,USD,2026/06/04,2:00pm,Medium,https://www.forexfactory.com/calendar/917-us-treasury-sec-bessent-speaks,3ed47cb8-df2d-48c9-a42d-4ce9c1b42746,,,
FOMC Member Bowman Speaks,USD,2026/06/04,2:00pm,Low,https://www.forexfactory.com/calendar/812-us-fomc-member-bowman-speaks,8f5c3f7f-4a37-4570-bf1e-ac779074fa45,,,
Natural Gas Storage,USD,2026/06/04,2:30pm,Low,https://www.forexfactory.com/calendar/26-us-natural-gas-storage,00ffeb41-4373-4426-9883-3b139a3465ef,,,
BOE Gov Bailey Speaks,GBP,2026/06/04,3:40pm,High,https://www.forexfactory.com/calendar/838-uk-boe-gov-bailey-speaks,1e1724c0-d7c8-48a4-8e4a-6881a395360b,,,
FOMC Member Daly Speaks,USD,2026/06/04,3:40pm,Low,https://www.forexfactory.com/calendar/807-us-fomc-member-daly-speaks,b295d185-42b5-4c1b-8778-0e2a7cd64e2b,,,
FOMC Member Schmid Speaks,USD,2026/06/04,5:00pm,Low,https://www.forexfactory.com/calendar/912-us-fomc-member-schmid-speaks,c87060bb-f05b-49cf-9bef-a44a383bbc28,,,
FOMC Member Daly Speaks,USD,2026/06/04,5:10pm,Low,https://www.forexfactory.com/calendar/807-us-fomc-member-daly-speaks,9049baff-2944-407a-8f93-23b19876ab50,,,
President Trump Speaks,USD,2026/06/04,7:00pm,Medium,https://www.forexfactory.com/calendar/645-us-president-trump-speaks,83fa2008-3afb-44f5-906d-c45a12d50db9,,,
Average Cash Earnings y/y,JPY,2026/06/04,11:30pm,Low,https://www.forexfactory.com/calendar/181-jn-average-cash-earnings-yy,841a1005-8f06-4174-a547-75f30629c51a,,,
Household Spending y/y,JPY,2026/06/04,11:30pm,Low,https://www.forexfactory.com/calendar/359-jn-household-spending-yy,c157fb1a-fdf3-4417-b0e7-97d60cb4f42a,,,
RBA Deputy Gov Hauser Speaks,AUD,2026/06/05,4:35am,Low,https://www.forexfactory.com/calendar/904-au-rba-deputy-gov-hauser-speaks,6f966180-e5ea-450a-8586-08ec014bf6d7,,,
Leading Indicators,JPY,2026/06/05,5:00am,Low,https://www.forexfactory.com/calendar/145-jn-leading-indicators,2a81baab-1bb7-4640-820a-a7b9ee332aaf,,,
Halifax HPI m/m,GBP,2026/06/05,6:00am,Low,https://www.forexfactory.com/calendar/151-uk-halifax-hpi-mm,ef9583d0-aec4-4893-8a04-6ef88a830746,,,
French Industrial Production m/m,EUR,2026/06/05,6:45am,Low,https://www.forexfactory.com/calendar/222-fr-industrial-production-mm,7b80fd06-1ec1-489d-a41f-8dd20e9654e5,,,
French Trade Balance,EUR,2026/06/05,6:45am,Low,https://www.forexfactory.com/calendar/126-fr-trade-balance,7060b6cd-5dc9-4975-80ef-d48562292117,,,
Foreign Currency Reserves,CHF,2026/06/05,7:00am,Low,https://www.forexfactory.com/calendar/517-sz-foreign-currency-reserves,bdbda115-a2da-4c46-8773-6a379e5c56e5,,,
Final Employment Change q/q,EUR,2026/06/05,9:00am,Low,https://www.forexfactory.com/calendar/69-ez-final-employment-change-qq,7c8df06b-84b5-4e01-b3e5-e0de9b926fdc,,,
Italian Retail Sales m/m,EUR,2026/06/05,9:00am,Low,https://www.forexfactory.com/calendar/108-it-retail-sales-mm,a34baba7-11a5-4a5f-8cc0-3ea60f0c2988,,,
Revised GDP q/q,EUR,2026/06/05,9:00am,Low,https://www.forexfactory.com/calendar/42-ez-revised-gdp-qq,1e2329b5-cc3a-423a-97f4-3a75350b442d,,,
Employment Change,CAD,2026/06/05,12:30pm,High,https://www.forexfactory.com/calendar/67-ca-employment-change,0e514763-f37b-4b12-b09b-9334be5b88a0,,,
Unemployment Rate,CAD,2026/06/05,12:30pm,High,https://www.forexfactory.com/calendar/57-ca-unemployment-rate,c7d9dad8-6b77-4793-9a25-2111f8c788dc,,,
Average Hourly Earnings m/m,USD,2026/06/05,12:30pm,High,https://www.forexfactory.com/calendar/159-us-average-hourly-earnings-mm,cfd297be-ff46-443f-a12e-ab40de8886a0,,,
Non-Farm Employment Change,USD,2026/06/05,12:30pm,High,https://www.forexfactory.com/calendar/66-us-non-farm-employment-change,d2ef2758-873e-44a5-8e8f-a5c97beebb1b,,,
Unemployment Rate,USD,2026/06/05,12:30pm,High,https://www.forexfactory.com/calendar/56-us-unemployment-rate,26546e58-6177-41ee-b894-e65b74596c19,,,
MPC Member Dhingra Speaks,GBP,2026/06/05,1:40pm,Low,https://www.forexfactory.com/calendar/875-uk-mpc-member-dhingra-speaks,c5d959de-11d2-429e-b8e0-3733d2abbe97,,,
Ivey PMI,CAD,2026/06/05,2:00pm,Medium,https://www.forexfactory.com/calendar/254-ca-ivey-pmi,0559e339-beb8-4e57-96a9-4801f48b1377,,,
BOE Gov Bailey Speaks,GBP,2026/06/05,6:00pm,Medium,https://www.forexfactory.com/calendar/838-uk-boe-gov-bailey-speaks,ca0b3bea-50b0-4fcb-812e-5decaf4aa77c,,,
Consumer Credit m/m,USD,2026/06/05,7:00pm,Low,https://www.forexfactory.com/calendar/341-us-consumer-credit-mm,ef0ae758-84cc-4c58-a8e5-9804be12d298,,,
FOMC Member Barr Speaks,USD,2026/06/06,4:00pm,Low,https://www.forexfactory.com/calendar/880-us-fomc-member-barr-speaks,f2cffa24-24e0-45e9-b4b2-9bad79e10f62,,,
OPEC-JMMC Meetings,All,2026/06/07,9:15am,Medium,https://www.forexfactory.com/calendar/798-opec-jmmc-meetings,03b682e4-8d5a-4f54-91ec-388c3e90733c,,,
OPEC Meetings,All,2026/06/07,10:15am,Medium,https://www.forexfactory.com/calendar/437-opec-meetings,e75e94d3-4792-4d53-93e6-614b1fd4378d,,,
Bank Holiday,AUD,2026/06/07,9:00pm,Holiday,https://www.forexfactory.com/calendar/394-au-bank-holiday,79f034d0-c654-4143-a290-c2f4cfd6c93d,,,
Bank Lending y/y,JPY,2026/06/07,11:50pm,Low,https://www.forexfactory.com/calendar/388-jn-bank-lending-yy,9b016cc9-a3a2-4e9d-ba44-cd6a83e4bc93,,,
Current Account,JPY,2026/06/07,11:50pm,Low,https://www.forexfactory.com/calendar/217-jn-current-account,c21e5167-2dbb-4176-8c34-03d4121b7356,,,
Final GDP Price Index y/y,JPY,2026/06/08,12:03am,Low,https://www.forexfactory.com/calendar/44-jn-final-gdp-price-index-yy,6321adea-2779-445e-9f5a-7e2c0128b409,,,
Final GDP q/q,JPY,2026/06/08,12:03am,Low,https://www.forexfactory.com/calendar/37-jn-final-gdp-qq,fb8c6bf9-058b-4d31-a004-6c3bbad4bdc0,,,
Economy Watchers Sentiment,JPY,2026/06/08,5:00am,Low,https://www.forexfactory.com/calendar/324-jn-economy-watchers-sentiment,f8b3ecd9-f7f3-4c65-800f-452543421dc0,,,
German Factory Orders m/m,EUR,2026/06/08,6:00am,Low,https://www.forexfactory.com/calendar/352-ge-factory-orders-mm,188432b4-0dd7-45c8-a74a-0b5f270f6ade,,,
SECO Consumer Climate,CHF,2026/06/08,7:00am,Low,https://www.forexfactory.com/calendar/337-sz-seco-consumer-climate,7c1f14f1-0a0b-4549-9693-c6861e3de34e,,,
Sentix Investor Confidence,EUR,2026/06/08,8:30am,Low,https://www.forexfactory.com/calendar/320-ez-sentix-investor-confidence,b07e2a5c-a4f4-4df8-9100-f1bfe5f64d0c,,,
Manufacturing Sales q/q,NZD,2026/06/08,10:45pm,Low,https://www.forexfactory.com/calendar/161-nz-manufacturing-sales-qq,0940d968-32fb-4346-8cdf-450761961716,,,
BRC Retail Sales Monitor y/y,GBP,2026/06/08,11:01pm,Low,https://www.forexfactory.com/calendar/114-uk-brc-retail-sales-monitor-yy,6b6db8eb-bf29-45f1-9c47-b765ec6f0feb,,,
M2 Money Stock y/y,JPY,2026/06/08,11:50pm,Low,https://www.forexfactory.com/calendar/376-jn-m2-money-stock-yy,aba3ea3a-a558-41ed-9fac-db67a7e77587,,,
Westpac Consumer Sentiment,AUD,2026/06/09,12:30am,Low,https://www.forexfactory.com/calendar/338-au-westpac-consumer-sentiment,6112cae0-b265-435d-a8c2-955b8dfc1491,,,
NAB Business Confidence,AUD,2026/06/09,1:30am,Low,https://www.forexfactory.com/calendar/323-au-nab-business-confidence,f7bc06d8-f711-433b-87e5-ed7a55b29e26,,,
Trade Balance,CNY,2026/06/09,2:03am,Low,https://www.forexfactory.com/calendar/630-ch-trade-balance,5a4896bd-147f-4547-8ced-cc9e78a13785,,,
USD-Denominated Trade Balance,CNY,2026/06/09,2:04am,Low,https://www.forexfactory.com/calendar/450-ch-usd-denominated-trade-balance,c64b98a5-9c2e-49e6-ae94-b43ac1b9d7a6,,,
German Industrial Production m/m,EUR,2026/06/09,6:00am,Low,https://www.forexfactory.com/calendar/221-ge-industrial-production-mm,5831150a-eb39-493e-9ab8-cf64a49e2e89,,,
German Trade Balance,EUR,2026/06/09,6:00am,Low,https://www.forexfactory.com/calendar/125-ge-trade-balance,ca622f15-c93e-43fe-b7da-f891600cdd3b,,,
Prelim Machine Tool Orders y/y,JPY,2026/06/09,6:00am,Low,https://www.forexfactory.com/calendar/321-jn-prelim-machine-tool-orders-yy,7c531160-5565-49f6-9f84-33b89b431da2,,,
NFIB Small Business Index,USD,2026/06/09,10:00am,Low,https://www.forexfactory.com/calendar/570-us-nfib-small-business-index,0ea97d98-5cf1-4560-98c9-42c514f0e0a4,,,
ADP Weekly Employment Change,USD,2026/06/09,12:15pm,Low,https://www.forexfactory.com/calendar/929-us-adp-weekly-employment-change,8e5f86d5-8110-43c3-8b28-532082e058c6,,,
Trade Balance,CAD,2026/06/09,12:30pm,Low,https://www.forexfactory.com/calendar/118-ca-trade-balance,7f13a59f-35bb-4c5b-aa71-fdc1aaeef95d,,,
Trade Balance,USD,2026/06/09,12:30pm,Low,https://www.forexfactory.com/calendar/117-us-trade-balance,43108747-5572-4d3f-8421-278ee0472282,,,
Existing Home Sales,USD,2026/06/09,2:00pm,Low,https://www.forexfactory.com/calendar/232-us-existing-home-sales,8b1e86fc-1b07-41f8-bba1-8f52f490e2a8,,,
Final Wholesale Inventories m/m,USD,2026/06/09,2:00pm,Low,https://www.forexfactory.com/calendar/154-us-final-wholesale-inventories-mm,faadeccf-2b90-4be0-8408-eeee42fa2315,,,
API Weekly Statistical Bulletin,USD,2026/06/09,8:30pm,Low,https://www.forexfactory.com/calendar/754-us-api-weekly-statistical-bulletin,fa65ad54-025b-4869-906b-00bb427d20d2,,,
PPI y/y,JPY,2026/06/09,11:50pm,Low,https://www.forexfactory.com/calendar/148-jn-ppi-yy,5e9e8391-4dda-4846-8596-3d2724432d91,,,
CPI y/y,CNY,2026/06/10,1:30am,Low,https://www.forexfactory.com/calendar/454-ch-cpi-yy,3c787a73-7e10-408a-99cc-d5eb63ed20fb,,,
PPI y/y,CNY,2026/06/10,1:30am,Low,https://www.forexfactory.com/calendar/455-ch-ppi-yy,f75b506b-25dc-4e1a-97f8-da8abc232f20,,,
30-y Bond Auction,JPY,2026/06/10,3:35am,Low,https://www.forexfactory.com/calendar/575-jn-30-y-bond-auction,941c2e4c-50c1-4e31-b681-c23eaaef00d8,,,
Italian Industrial Production m/m,EUR,2026/06/10,8:00am,Low,https://www.forexfactory.com/calendar/223-it-industrial-production-mm,2c1072d7-9846-4ffb-97ab-4d0c36671dc0,,,
German 10-y Bond Auction,EUR,2026/06/10,9:42am,Low,https://www.forexfactory.com/calendar/522-ge-10-y-bond-auction,81b7932b-2b00-4b85-ad66-21c3c9912782,,,
Core CPI m/m,USD,2026/06/10,12:30pm,High,https://www.forexfactory.com/calendar/79-us-core-cpi-mm,82cb38cb-a094-4b3e-9728-a0f243bac2dc,,,
Core CPI y/y,USD,2026/06/10,12:30pm,High,https://www.forexfactory.com/calendar/933-us-core-cpi-yy,13325755-a1bb-48a2-b963-1e53d133849d,,,
CPI m/m,USD,2026/06/10,12:30pm,High,https://www.forexfactory.com/calendar/78-us-cpi-mm,4b43123c-6d45-497e-95c6-9255fec6741d,,,
CPI y/y,USD,2026/06/10,12:30pm,High,https://www.forexfactory.com/calendar/884-us-cpi-yy,31c129d7-39d2-4949-b8de-3b8dfa1bea81,,,
BOC Rate Statement,CAD,2026/06/10,1:45pm,High,https://www.forexfactory.com/calendar/14-ca-boc-rate-statement,c68e0ceb-6ef9-40ed-b223-4a28dbf09590,,,
Overnight Rate,CAD,2026/06/10,1:45pm,High,https://www.forexfactory.com/calendar/13-ca-overnight-rate,e60415a2-da27-433b-94c8-dffd4d4a4382,,,
BOC Press Conference,CAD,2026/06/10,2:30pm,High,https://www.forexfactory.com/calendar/471-ca-boc-press-conference,dea8c63e-fe99-405e-8a50-fb8b95c948b2,,,
Crude Oil Inventories,USD,2026/06/10,2:30pm,Low,https://www.forexfactory.com/calendar/10-us-crude-oil-inventories,91e85977-61fc-4b1c-a3c5-ee5250510f95,,,
10-y Bond Auction,USD,2026/06/10,5:01pm,Low,https://www.forexfactory.com/calendar/519-us-10-y-bond-auction,fda072a9-6919-415d-be14-ac7cd6e0998d,,,
Federal Budget Balance,USD,2026/06/10,6:00pm,Low,https://www.forexfactory.com/calendar/322-us-federal-budget-balance,a551742c-b78c-4ede-ab43-97895c85eac2,,,
RICS House Price Balance,GBP,2026/06/10,11:01pm,Low,https://www.forexfactory.com/calendar/260-uk-rics-house-price-balance,1caf61f5-d9df-4e57-b14e-ae8e1466179d,,,
BSI Manufacturing Index,JPY,2026/06/10,11:50pm,Low,https://www.forexfactory.com/calendar/332-jn-bsi-manufacturing-index,16b450d7-1d8f-4ef2-b02f-05f3f2aee6ef,,,
MI Inflation Expectations,AUD,2026/06/11,1:00am,Low,https://www.forexfactory.com/calendar/293-au-mi-inflation-expectations,115ed2cc-34cb-4651-b340-70c50d3406ab,,,
M2 Money Supply y/y,CNY,2026/06/11,8:03am,Low,https://www.forexfactory.com/calendar/476-ch-m2-money-supply-yy,d9a423dc-f310-476e-85b5-cd85089d547f,,,
New Loans,CNY,2026/06/11,8:03am,Low,https://www.forexfactory.com/calendar/477-ch-new-loans,e1eba498-00a2-45b5-8f42-63e4b8702037,,,
Eurogroup Meetings,EUR,2026/06/11,9:15am,Low,https://www.forexfactory.com/calendar/562-ez-eurogroup-meetings,8bced70f-a05b-46d2-aac2-d2738dd97491,,,
Main Refinancing Rate,EUR,2026/06/11,12:15pm,High,https://www.forexfactory.com/calendar/12-ez-main-refinancing-rate,9562a1ee-3bb1-40d4-a88e-209b2a3d6f3c,,,
Monetary Policy Statement,EUR,2026/06/11,12:15pm,High,https://www.forexfactory.com/calendar/825-ez-monetary-policy-statement,dd1f9734-284a-4bf2-9846-6f74b9231b0d,,,
Building Permits m/m,CAD,2026/06/11,12:30pm,Low,https://www.forexfactory.com/calendar/200-ca-building-permits-mm,77edbf19-3283-4408-b365-02fc0cea5d68,,,
Core PPI m/m,USD,2026/06/11,12:30pm,High,https://www.forexfactory.com/calendar/87-us-core-ppi-mm,8c361912-04da-4cea-887c-849435bb2a48,,,
PPI m/m,USD,2026/06/11,12:30pm,High,https://www.forexfactory.com/calendar/86-us-ppi-mm,d22c31ed-0f97-4049-a3e0-87a7f70ecb11,,,
Unemployment Claims,USD,2026/06/11,12:30pm,Medium,https://www.forexfactory.com/calendar/11-us-unemployment-claims,07895578-deb3-4a6b-8efe-1635fa90af1a,,,
ECB Press Conference,EUR,2026/06/11,12:45pm,High,https://www.forexfactory.com/calendar/7-ez-ecb-press-conference,bc396af9-289f-41ac-a2eb-890eaea2790d,,,
Natural Gas Storage,USD,2026/06/11,2:30pm,Low,https://www.forexfactory.com/calendar/26-us-natural-gas-storage,c308032d-dfc0-43a9-ae94-fb86814c8693,,,
30-y Bond Auction,USD,2026/06/11,5:01pm,Low,https://www.forexfactory.com/calendar/540-us-30-y-bond-auction,45ef6172-9c29-444d-ac59-e3204309ec15,,,
BusinessNZ Manufacturing Index,NZD,2026/06/11,10:30pm,Low,https://www.forexfactory.com/calendar/149-nz-businessnz-manufacturing-index,7ef7c553-1a67-4220-addd-7827b80e6641,,,
Visitor Arrivals m/m,NZD,2026/06/11,10:45pm,Low,https://www.forexfactory.com/calendar/361-nz-visitor-arrivals-mm,5830705b-aa6c-44f6-824b-b15ad6e1975e,,,
Revised Industrial Production m/m,JPY,2026/06/12,4:30am,Low,https://www.forexfactory.com/calendar/226-jn-revised-industrial-production-mm,b55681a2-bc56-4f7e-a81c-993ec44367a2,,,
German Final CPI m/m,EUR,2026/06/12,6:00am,Low,https://www.forexfactory.com/calendar/170-ge-final-cpi-mm,6033608e-94b3-4dbc-ad56-7ff2e06c39df,,,
GDP m/m,GBP,2026/06/12,6:00am,High,https://www.forexfactory.com/calendar/804-uk-gdp-mm,6451b6e3-a1ea-4d70-b5c6-42629458beb7,,,
Construction Output m/m,GBP,2026/06/12,6:00am,Low,https://www.forexfactory.com/calendar/599-uk-construction-output-mm,d030b131-245e-428f-a9dd-47a5d9704e24,,,
Goods Trade Balance,GBP,2026/06/12,6:00am,Low,https://www.forexfactory.com/calendar/119-uk-goods-trade-balance,fc975d46-7a46-4f15-a891-f4234e481d0f,,,
Index of Services 3m/3m,GBP,2026/06/12,6:00am,Low,https://www.forexfactory.com/calendar/385-uk-index-of-services-3m3m,94599117-b37b-4fa3-9e63-5f707ca13eb7,,,
Industrial Production m/m,GBP,2026/06/12,6:00am,Low,https://www.forexfactory.com/calendar/193-uk-industrial-production-mm,81d99a17-ddf4-4379-b337-908f4086ba9e,,,
Manufacturing Production m/m,GBP,2026/06/12,6:00am,Low,https://www.forexfactory.com/calendar/194-uk-manufacturing-production-mm,8c29df2f-ef5c-46e7-85b3-901f3e1230ee,,,
French Final CPI m/m,EUR,2026/06/12,6:45am,Low,https://www.forexfactory.com/calendar/171-fr-final-cpi-mm,7e57c55b-d174-4b02-aa54-5017dce817f5,,,
Consumer Inflation Expectations,GBP,2026/06/12,8:30am,Low,https://www.forexfactory.com/calendar/425-uk-consumer-inflation-expectations,63027e9a-336b-4c48-b1dc-b334957592f2,,,
ECOFIN Meetings,EUR,2026/06/12,9:15am,Low,https://www.forexfactory.com/calendar/504-ez-ecofin-meetings,c5275652-a361-4f0f-8753-ec315ec7247f,,,
Capacity Utilization Rate,CAD,2026/06/12,12:30pm,Low,https://www.forexfactory.com/calendar/146-ca-capacity-utilization-rate,5a16f59b-e81e-4ce6-8af9-df764d4854b6,,,
CB Leading Index m/m,GBP,2026/06/12,1:30pm,Low,https://www.forexfactory.com/calendar/299-uk-cb-leading-index-mm,24956d6e-8569-479f-9216-8ef5e258f331,,,
Prelim UoM Consumer Sentiment,USD,2026/06/12,2:00pm,Medium,https://www.forexfactory.com/calendar/53-us-prelim-uom-consumer-sentiment,83f69483-12c5-4b55-892c-f5a411457bdc,,,
Prelim UoM Inflation Expectations,USD,2026/06/12,2:00pm,Medium,https://www.forexfactory.com/calendar/236-us-prelim-uom-inflation-expectations,3d51582e-f7f0-4509-b295-fd74beb30495,,,
German Buba President Nagel Speaks,EUR,2026/06/12,2:30pm,Low,https://www.forexfactory.com/calendar/851-ge-buba-president-nagel-speaks,a76b3292-e65f-4d87-9b06-b51c1906bad2,,,
BusinessNZ Services Index,NZD,2026/06/14,10:30pm,Low,https://www.forexfactory.com/calendar/852-nz-businessnz-services-index,a209e7b3-b38b-4b96-a2d7-1f39091f7ebc,,,
Rightmove HPI m/m,GBP,2026/06/14,11:01pm,Low,https://www.forexfactory.com/calendar/243-uk-rightmove-hpi-mm,8d96f122-ed87-4781-afb3-48def01a5185,,,
Tertiary Industry Activity m/m,JPY,2026/06/15,4:30am,Low,https://www.forexfactory.com/calendar/382-jn-tertiary-industry-activity-mm,70750797-9a44-4a29-9251-9862abf6f834,,,
German WPI m/m,EUR,2026/06/15,6:00am,Low,https://www.forexfactory.com/calendar/291-ge-wpi-mm,32506007-9be2-4581-998c-1f298aa18ccc,,,
PPI m/m,CHF,2026/06/15,6:30am,Low,https://www.forexfactory.com/calendar/96-sz-ppi-mm,d60f4aa6-4bee-451b-b6b4-c6841c87abb3,,,
SECO Consumer Climate,CHF,2026/06/15,7:00am,Low,https://www.forexfactory.com/calendar/337-sz-seco-consumer-climate,5611adb2-40ad-4261-a286-db4dc6a0449f,,,
German Buba President Nagel Speaks,EUR,2026/06/15,7:00am,Low,https://www.forexfactory.com/calendar/851-ge-buba-president-nagel-speaks,a0071428-59d5-4f95-8ed9-078bf37f6ba4,,,
ECB President Lagarde Speaks,EUR,2026/06/15,7:30am,Medium,https://www.forexfactory.com/calendar/832-ez-ecb-president-lagarde-speaks,59b6a495-44ba-4bff-8219-40274a3bdc7c,,,
Italian Trade Balance,EUR,2026/06/15,8:00am,Low,https://www.forexfactory.com/calendar/127-it-trade-balance,9d3140af-e24c-4370-83d0-a2284c30dd60,,,
G7 Meetings,All,2026/06/15,8:45am,Low,https://www.forexfactory.com/calendar/423-g7-meetings,f214ec1d-8591-4353-b370-f31ef686c263,,,
Industrial Production m/m,EUR,2026/06/15,9:00am,Low,https://www.forexfactory.com/calendar/220-ez-industrial-production-mm,ae9dc1ac-1114-4908-b759-e087f0d86fc9,,,
Trade Balance,EUR,2026/06/15,9:00am,Low,https://www.forexfactory.com/calendar/120-ez-trade-balance,92d6baee-80f6-4b58-8d9b-4bd3f52850ca,,,
Housing Starts,CAD,2026/06/15,12:15pm,Low,https://www.forexfactory.com/calendar/201-ca-housing-starts,4dd75181-5a0d-4afd-9e6d-450e2756e964,,,
Manufacturing Sales m/m,CAD,2026/06/15,12:30pm,Low,https://www.forexfactory.com/calendar/363-ca-manufacturing-sales-mm,ec78af9f-046e-4388-981e-d531558f9a1d,,,
Wholesale Sales m/m,CAD,2026/06/15,12:30pm,Low,https://www.forexfactory.com/calendar/362-ca-wholesale-sales-mm,5b6c7890-a65e-412b-a2b7-6dca98ea5dcf,,,
Empire State Manufacturing Index,USD,2026/06/15,12:30pm,Low,https://www.forexfactory.com/calendar/207-us-empire-state-manufacturing-index,d633710c-7c7b-41a8-be38-98926d636bb7,,,
Capacity Utilization Rate,USD,2026/06/15,1:15pm,Low,https://www.forexfactory.com/calendar/192-us-capacity-utilization-rate,beb8665d-9d4b-40b1-ab95-e88ebacbbe83,,,
Industrial Production m/m,USD,2026/06/15,1:15pm,Low,https://www.forexfactory.com/calendar/191-us-industrial-production-mm,e09e052a-bc2a-4ec4-b2c5-6ca8bfbf87a3,,,
NAHB Housing Market Index,USD,2026/06/15,2:00pm,Low,https://www.forexfactory.com/calendar/162-us-nahb-housing-market-index,133ca1b8-3016-468c-a8c1-498e402db7eb,,,
FPI m/m,NZD,2026/06/15,10:45pm,Low,https://www.forexfactory.com/calendar/101-nz-fpi-mm,5663e0cf-066e-4590-9890-d8d8587ef130,,,
New Home Prices m/m,CNY,2026/06/16,1:30am,Low,https://www.forexfactory.com/calendar/902-ch-new-home-prices-mm,a113686e-a188-4a2b-a26b-6e6d346c2a8f,,,
Fixed Asset Investment ytd/y,CNY,2026/06/16,2:00am,Low,https://www.forexfactory.com/calendar/458-ch-fixed-asset-investment-ytdy,55317efb-a6e7-4055-abcb-d56458c36057,,,
Industrial Production y/y,CNY,2026/06/16,2:00am,Low,https://www.forexfactory.com/calendar/453-ch-industrial-production-yy,3a81a6b7-deef-4fdc-a492-cce6e910eabd,,,
NBS Press Conference,CNY,2026/06/16,2:00am,Low,https://www.forexfactory.com/calendar/469-ch-nbs-press-conference,b494abc9-34d9-475d-a102-39842da5470f,,,
Retail Sales y/y,CNY,2026/06/16,2:00am,Low,https://www.forexfactory.com/calendar/470-ch-retail-sales-yy,5d20af4d-8f84-4a87-9e4e-23d026fe7164,,,
Unemployment Rate,CNY,2026/06/16,2:00am,Low,https://www.forexfactory.com/calendar/771-ch-unemployment-rate,b3a15611-1c5e-4545-bcaa-2b61dfe97c2f,,,
BOJ Policy Rate,JPY,2026/06/16,2:30am,High,https://www.forexfactory.com/calendar/641-jn-boj-policy-rate,564ca51b-a482-4af0-8afb-8ed1cebfda19,,,
Monetary Policy Statement,JPY,2026/06/16,2:30am,High,https://www.forexfactory.com/calendar/371-jn-monetary-policy-statement,27ba1bac-0a71-4213-917e-5fa587d3a60d,,,
Cash Rate,AUD,2026/06/16,4:30am,High,https://www.forexfactory.com/calendar/21-au-cash-rate,6fff7f64-2e33-476d-8542-4ee53a622395,,,
RBA Rate Statement,AUD,2026/06/16,4:30am,High,https://www.forexfactory.com/calendar/22-au-rba-rate-statement,ca1b32fc-f3e1-4813-ac48-9a1f4a74f8a8,,,
RBA Press Conference,AUD,2026/06/16,5:30am,High,https://www.forexfactory.com/calendar/906-au-rba-press-conference,2743411b-61c5-417c-a393-c2ea50f920a7,,,
BOJ Press Conference,JPY,2026/06/16,5:30am,High,https://www.forexfactory.com/calendar/20-jn-boj-press-conference,2bcb9240-efab-478f-8193-767301355532,,,
G7 Meetings,All,2026/06/16,8:45am,Low,https://www.forexfactory.com/calendar/423-g7-meetings,b744d13e-dcb6-4a6b-a403-32a5c2ed4e1f,,,
German ZEW Economic Sentiment,EUR,2026/06/16,9:00am,Low,https://www.forexfactory.com/calendar/313-ge-zew-economic-sentiment,577a5079-243a-49c1-bfac-cdf456954bd5,,,
ZEW Economic Sentiment,EUR,2026/06/16,9:00am,Low,https://www.forexfactory.com/calendar/314-ez-zew-economic-sentiment,4718044e-6818-42b4-8b43-a47959d58e7c,,,
10-y Bond Auction,GBP,2026/06/16,9:33am,Low,https://www.forexfactory.com/calendar/526-uk-10-y-bond-auction,2b00c47f-b373-4110-b24b-42c4d1a3b0e3,,,
ADP Weekly Employment Change,USD,2026/06/16,12:15pm,Low,https://www.forexfactory.com/calendar/929-us-adp-weekly-employment-change,30f17653-0212-4060-9fd6-d1b009352c8f,,,
Foreign Securities Purchases,CAD,2026/06/16,12:30pm,Low,https://www.forexfactory.com/calendar/374-ca-foreign-securities-purchases,d8bd3ef9-c1f2-45eb-a950-3270e68f4d46,,,
Building Permits,USD,2026/06/16,12:30pm,Low,https://www.forexfactory.com/calendar/198-us-building-permits,54ebba9d-5c00-4e2a-8e99-15eeba0ff0c8,,,
Housing Starts,USD,2026/06/16,12:30pm,Low,https://www.forexfactory.com/calendar/199-us-housing-starts,d093491c-9472-4748-bc7d-6ee96c588706,,,
Import Prices m/m,USD,2026/06/16,12:30pm,Low,https://www.forexfactory.com/calendar/256-us-import-prices-mm,b1b97ce3-94a4-4541-8821-82073178e232,,,
GDT Price Index,NZD,2026/06/16,2:50pm,Low,https://www.forexfactory.com/calendar/602-nz-gdt-price-index,ea7907b8-3618-4743-b668-2a1e6dcfefae,,,
API Weekly Statistical Bulletin,USD,2026/06/16,8:30pm,Low,https://www.forexfactory.com/calendar/754-us-api-weekly-statistical-bulletin,f2657fc0-59ec-41ad-80c0-b96215a96898,,,
Westpac Consumer Sentiment,NZD,2026/06/16,9:00pm,Low,https://www.forexfactory.com/calendar/339-nz-westpac-consumer-sentiment,f32f999f-c0c6-4bf4-8d69-25be81eb766e,,,
Current Account,NZD,2026/06/16,10:45pm,Low,https://www.forexfactory.com/calendar/215-nz-current-account,79838f7d-b3d8-4269-abda-dbeeb83b4918,,,
Core Machinery Orders m/m,JPY,2026/06/16,11:50pm,Low,https://www.forexfactory.com/calendar/354-jn-core-machinery-orders-mm,99b76d26-fff2-4e71-be3d-07f4d184ab0e,,,
Trade Balance,JPY,2026/06/16,11:50pm,Low,https://www.forexfactory.com/calendar/123-jn-trade-balance,3847ba61-eca0-4ce2-8eda-52eeb43e6d9c,,,
MI Leading Index m/m,AUD,2026/06/17,12:30am,Low,https://www.forexfactory.com/calendar/303-au-mi-leading-index-mm,d2473d31-91af-4992-8adc-0494b85e86e7,,,
RBA Assist Gov Jones Speaks,AUD,2026/06/17,1:30am,Low,https://www.forexfactory.com/calendar/924-au-rba-assist-gov-jones-speaks,799b1370-0e69-4966-8163-be41912c51b5,,,
CPI y/y,GBP,2026/06/17,6:00am,High,https://www.forexfactory.com/calendar/82-uk-cpi-yy,c9007878-9d60-4081-8add-07dbaab2bdfb,,,
Core CPI y/y,GBP,2026/06/17,6:00am,Low,https://www.forexfactory.com/calendar/83-uk-core-cpi-yy,ffba4ebf-694b-4103-a2c3-f9fd59cdb08d,,,
PPI Input m/m,GBP,2026/06/17,6:00am,Low,https://www.forexfactory.com/calendar/92-uk-ppi-input-mm,8f1a1dd3-1063-477e-9db2-280a8c123523,,,
PPI Output m/m,GBP,2026/06/17,6:00am,Low,https://www.forexfactory.com/calendar/93-uk-ppi-output-mm,46ee5955-e81c-445e-b4e2-a80b98053b65,,,
RPI y/y,GBP,2026/06/17,6:00am,Low,https://www.forexfactory.com/calendar/84-uk-rpi-yy,391e42da-ce16-495d-970c-1cb2d3890f32,,,
HPI y/y,GBP,2026/06/17,8:30am,Low,https://www.forexfactory.com/calendar/639-uk-hpi-yy,ffd28896-9ffc-4975-8b20-fdfe5d4feb3a,,,
G7 Meetings,All,2026/06/17,8:45am,Low,https://www.forexfactory.com/calendar/423-g7-meetings,4e321237-e10a-41f3-bf45-2cbafd891af4,,,
Final Core CPI y/y,EUR,2026/06/17,9:00am,Low,https://www.forexfactory.com/calendar/167-ez-final-core-cpi-yy,5f15ba64-2d94-4d0f-8133-fe0d843c41ae,,,
Final CPI y/y,EUR,2026/06/17,9:00am,Low,https://www.forexfactory.com/calendar/166-ez-final-cpi-yy,257b8010-34dd-4ee7-befc-8f3001f78781,,,
NHPI m/m,CAD,2026/06/17,12:30pm,Low,https://www.forexfactory.com/calendar/259-ca-nhpi-mm,3e4f5bc8-b12d-4e25-b701-0982928383f8,,,
Core Retail Sales m/m,USD,2026/06/17,12:30pm,Medium,https://www.forexfactory.com/calendar/112-us-core-retail-sales-mm,1cedd16e-ee16-401c-b2f3-600186761657,,,
Retail Sales m/m,USD,2026/06/17,12:30pm,Medium,https://www.forexfactory.com/calendar/102-us-retail-sales-mm,03a45def-c861-4829-8f06-ebb4ec2b2b41,,,
President Trump Speaks,USD,2026/06/17,1:30pm,Medium,https://www.forexfactory.com/calendar/645-us-president-trump-speaks,9b40d7c3-b543-4da0-8dca-a48e4708e0e4,,,
Business Inventories m/m,USD,2026/06/17,2:00pm,Low,https://www.forexfactory.com/calendar/153-us-business-inventories-mm,e5ca7e1b-8bcd-4b57-a829-f6b7e24cf3be,,,
Pending Home Sales m/m,USD,2026/06/17,2:00pm,Low,https://www.forexfactory.com/calendar/233-us-pending-home-sales-mm,50db97f1-caea-4785-adc9-a59d0e79a08c,,,
Crude Oil Inventories,USD,2026/06/17,2:30pm,Low,https://www.forexfactory.com/calendar/10-us-crude-oil-inventories,b2f10477-ae67-4fd5-a79d-ab1208376fbd,,,
Federal Funds Rate,USD,2026/06/17,6:00pm,High,https://www.forexfactory.com/calendar/1-us-federal-funds-rate,da00305a-c8d6-4b80-afcb-75b00091058f,,,
FOMC Economic Projections,USD,2026/06/17,6:00pm,High,https://www.forexfactory.com/calendar/527-us-fomc-economic-projections,a177918b-79b2-4548-91f7-909615c59a60,,,
FOMC Statement,USD,2026/06/17,6:00pm,High,https://www.forexfactory.com/calendar/4-us-fomc-statement,48519dbd-fcb2-4c34-bb31-bb020452507e,,,
FOMC Press Conference,USD,2026/06/17,6:30pm,High,https://www.forexfactory.com/calendar/512-us-fomc-press-conference,2ad6ce36-ebc3-41e4-afc0-7fc7d1a90a99,,,
GDP q/q,NZD,2026/06/17,10:45pm,High,https://www.forexfactory.com/calendar/30-nz-gdp-qq,b1ab89c3-3d8a-4a0c-9517-890ca69ab408,,,
Claimant Count Change,GBP,2026/06/18,6:00am,High,https://www.forexfactory.com/calendar/68-uk-claimant-count-change,bee17da2-e14c-4863-af2a-1fde5851f7a2,,,
Average Earnings Index 3m/y,GBP,2026/06/18,6:00am,Medium,https://www.forexfactory.com/calendar/180-uk-average-earnings-index-3my,b8e3fa86-faa1-4dbc-b6cd-bf47901ae12a,,,
Unemployment Rate,GBP,2026/06/18,6:00am,Low,https://www.forexfactory.com/calendar/58-uk-unemployment-rate,8bb04a2c-9bcc-42f6-8700-d5a1c781b535,,,
SECO Economic Forecasts,CHF,2026/06/18,7:00am,Low,https://www.forexfactory.com/calendar/479-sz-seco-economic-forecasts,d7e4fdb6-d8f7-45d3-a29a-78252d234eb0,,,
German Buba President Nagel Speaks,EUR,2026/06/18,7:00am,Low,https://www.forexfactory.com/calendar/851-ge-buba-president-nagel-speaks,c81aeaa1-e9d7-4a09-bac1-ede8cfff36fc,,,
SNB Monetary Policy Assessment,CHF,2026/06/18,7:30am,High,https://www.forexfactory.com/calendar/18-sz-snb-monetary-policy-assessment,8aa0d458-8d02-48ae-baf0-b2265da863a7,,,
SNB Policy Rate,CHF,2026/06/18,7:30am,High,https://www.forexfactory.com/calendar/834-sz-snb-policy-rate,2237b705-4e04-4270-a563-a223439f85f9,,,
SNB Press Conference,CHF,2026/06/18,8:00am,High,https://www.forexfactory.com/calendar/163-sz-snb-press-conference,9e67cc26-7b41-4ae4-a2db-7167805cf6bd,,,
Current Account,EUR,2026/06/18,8:00am,Low,https://www.forexfactory.com/calendar/218-ez-current-account,b8063cd2-fa33-4547-bd2d-0ac3c5a1cdf2,,,
Spanish 10-y Bond Auction,EUR,2026/06/18,9:03am,Low,https://www.forexfactory.com/calendar/525-sp-10-y-bond-auction,29d4bb97-e405-435b-a33d-08e5c00327af,,,
German Buba Monthly Report,EUR,2026/06/18,10:00am,Low,https://www.forexfactory.com/calendar/581-ge-buba-monthly-report,d8c08c3e-b735-478a-9656-4b33f416741e,,,
Monetary Policy Summary,GBP,2026/06/18,11:00am,High,https://www.forexfactory.com/calendar/628-uk-monetary-policy-summary,1108b59f-563d-4828-87ba-79fac8c0ac33,,,
MPC Official Bank Rate Votes,GBP,2026/06/18,11:00am,High,https://www.forexfactory.com/calendar/305-uk-mpc-official-bank-rate-votes,58c8b758-70ff-48b3-b978-81b07dc17efc,,,
Official Bank Rate,GBP,2026/06/18,11:00am,High,https://www.forexfactory.com/calendar/15-uk-official-bank-rate,2123ea5d-da10-4698-8265-051ab33e2de3,,,
IPPI m/m,CAD,2026/06/18,12:30pm,Low,https://www.forexfactory.com/calendar/90-ca-ippi-mm,81410a66-f2ca-4228-9a4c-e66c977044c1,,,
RMPI m/m,CAD,2026/06/18,12:30pm,Low,https://www.forexfactory.com/calendar/91-ca-rmpi-mm,b1f42e84-3105-4e7b-80cf-3f0766affa09,,,
Philly Fed Manufacturing Index,USD,2026/06/18,12:30pm,Medium,https://www.forexfactory.com/calendar/325-us-philly-fed-manufacturing-index,267d60d0-97e8-43dc-9699-98452f61c7b0,,,
Unemployment Claims,USD,2026/06/18,12:30pm,Medium,https://www.forexfactory.com/calendar/11-us-unemployment-claims,fbf21783-b680-447e-905b-59d200fe0f58,,,
CB Leading Index m/m,USD,2026/06/18,2:00pm,Low,https://www.forexfactory.com/calendar/297-us-cb-leading-index-mm,a9520c86-172b-48b1-ac90-12ace1d51dec,,,
Natural Gas Storage,USD,2026/06/18,2:30pm,Low,https://www.forexfactory.com/calendar/26-us-natural-gas-storage,c04170da-086e-4e19-b141-10bf6921164f,,,
TIC Long-Term Purchases,USD,2026/06/18,8:00pm,Low,https://www.forexfactory.com/calendar/372-us-tic-long-term-purchases,b874ed4e-2117-4dbf-9c9a-7932df65cf9e,,,
Trade Balance,NZD,2026/06/18,10:45pm,Low,https://www.forexfactory.com/calendar/121-nz-trade-balance,bc44dd96-675f-46a9-9068-23f395ca9db9,,,
GfK Consumer Confidence,GBP,2026/06/18,11:01pm,Low,https://www.forexfactory.com/calendar/188-uk-gfk-consumer-confidence,6e7a7dcb-dba2-48ae-b9bc-aed5bae9c401,,,
Bank Holiday,CNY,2026/06/18,11:01pm,Holiday,https://www.forexfactory.com/calendar/468-ch-bank-holiday,df06ed36-9be8-452e-a13c-e73d116cc550,,,
National Core CPI y/y,JPY,2026/06/18,11:30pm,Low,https://www.forexfactory.com/calendar/174-jn-national-core-cpi-yy,3750b1ed-6422-4e74-855b-fe15f7846395,,,
Monetary Policy Meeting Minutes,JPY,2026/06/18,11:50pm,Low,https://www.forexfactory.com/calendar/306-jn-monetary-policy-meeting-minutes,58097ab4-a28f-4533-9319-876481d53f14,,,
German PPI m/m,EUR,2026/06/19,6:00am,Low,https://www.forexfactory.com/calendar/88-ge-ppi-mm,ea0a3479-2ba3-49e6-86b8-7ce596da8d7a,,,
Retail Sales m/m,GBP,2026/06/19,6:00am,Medium,https://www.forexfactory.com/calendar/105-uk-retail-sales-mm,650f1dbf-2176-4007-82e5-29729ffa8d5e,,,
Public Sector Net Borrowing,GBP,2026/06/19,6:00am,Low,https://www.forexfactory.com/calendar/342-uk-public-sector-net-borrowing,8ba6c242-0775-491e-a6c8-509c7a27a777,,,
Bank Holiday,USD,2026/06/19,12:00pm,Holiday,https://www.forexfactory.com/calendar/370-us-bank-holiday,b9bff8af-faaf-407f-9825-836b4102e517,,,
Core Retail Sales m/m,CAD,2026/06/19,12:30pm,Low,https://www.forexfactory.com/calendar/103-ca-core-retail-sales-mm,716969df-3c6d-4503-98df-a1256e09da23,,,
Retail Sales m/m,CAD,2026/06/19,12:30pm,Low,https://www.forexfactory.com/calendar/104-ca-retail-sales-mm,0da975a7-124a-4ade-878f-2c817a0878ee,,,
CB Leading Index m/m,AUD,2026/06/19,2:30pm,Low,https://www.forexfactory.com/calendar/247-au-cb-leading-index-mm,f8dd4431-4cd6-46e9-abc0-87422d8d3db1,,,
